jumlah_carport,dapur,jumlah_garage,jumlah_lantai,kamar_mandi,kamar_tidur,luas_bangunan,luas_tanah,price_currency,price_unit,price_value,,,,,,,
1.0,1.0,1.0,1.0,2.0,3.0,130.0,190.0,Rp,Miliar,5.0,,,,,,,
2.0,1.0,2.0,3.0,3.0,4.0,480.0,200.0,Rp,Miliar,8.8,,,,,,,
2.0,1.0,4.0,1.0,8.0,7.0,548.0,733.0,Rp,Miliar,56.0,,,,,,,
2.0,2.0,2.0,1.0,4.0,4.0,500.0,942.0,Rp,Miliar,20.0,,,,,,,
2.0,2.0,4.0,3.0,6.0,5.0,800.0,350.0,Rp,Miliar,16.0,,,,,,,
1.0,1.0,1.0,2.0,4.0,4.0,280.0,210.0,Rp,Miliar,5.0,,,,,,,
1.0,1.0,1.0,2.0,2.0,4.0,216.0,343.0,Rp,Miliar,5.1,,,,,,,
1.0,1.0,2.0,3.0,3.0,3.0,400.0,230.0,Rp,Miliar,10.9,,,,,,,
1.0,1.0,1.0,2.0,3.0,3.0,200.0,160.0,Rp,Miliar,6.3,,,,,,,
1.0,2.0,2.0,4.0,5.0,4.0,400.0,117.0,Rp,Miliar,5.9,,,,,,,
2.0,2.0,12.0,2.0,4.0,5.0,900.0,1400.0,Rp,Miliar,55.0,,,,,,,
2.0,1.0,2.0,2.0,3.0,4.0,181.0,200.0,Rp,Miliar,3.5,,,,,,,
2.0,1.0,2.0,3.0,4.0,4.0,600.0,300.0,Rp,Miliar,12.8,,,,,,,
6.0,2.0,6.0,2.0,6.0,6.0,496.0,846.0,Rp,Miliar,12.9,,,,,,,
2.0,2.0,2.0,1.0,3.0,4.0,365.0,580.0,Rp,Miliar,23.0,,,,,,,
1.0,2.0,8.0,2.0,7.0,10.0,720.0,800.0,Rp,Miliar,30.0,,,,,,,
3.0,1.0,2.0,1.0,5.0,5.0,315.0,285.0,Rp,Miliar,9.2,,,,,,,
2.0,2.0,2.0,3.0,3.0,4.0,300.0,144.0,Rp,Miliar,5.75,,,,,,,
2.0,1.0,2.0,2.0,3.0,4.0,345.0,240.0,Rp,Miliar,8.8,,,,,,,
2.0,1.0,2.0,2.0,4.0,4.0,500.0,450.0,Rp,Miliar,9.8,,,,,,,
2.0,2.0,4.0,2.0,4.0,5.0,400.0,628.0,Rp,Miliar,9.9,,,,,,,
2.0,2.0,2.0,3.0,5.0,4.0,600.0,270.0,Rp,Miliar,16.8,,,,,,,
2.0,1.0,2.0,2.0,3.0,4.0,275.0,292.0,Rp,Miliar,6.5,,,,,,,
1.0,1.0,2.0,2.0,3.0,3.0,103.0,53.0,Rp,Miliar,1.57,,,,,,,
4.0,2.0,10.0,3.0,7.0,5.0,979.0,502.0,Rp,Miliar,28.0,,,,,,,
4.0,1.0,4.0,3.0,4.0,4.0,336.0,135.0,Rp,Miliar,12.7,,,,,,,
2.0,2.0,2.0,2.0,4.0,5.0,700.0,650.0,Rp,Miliar,15.0,,,,,,,
1.0,1.0,1.0,2.0,5.0,4.0,400.0,427.0,Rp,Miliar,12.5,,,,,,,
2.0,2.0,2.0,2.0,3.0,3.0,90.0,72.0,Rp,Juta,975.0,,,,,,,
2.0,1.0,2.0,2.0,3.0,3.0,170.0,135.0,Rp,Miliar,3.9,,,,,,,
2.0,1.0,7.0,2.0,4.0,5.0,500.0,377.0,Rp,Miliar,9.8,,,,,,,
1.0,1.0,2.0,3.0,4.0,3.0,316.0,336.0,Rp,Miliar,17.3,,,,,,,
1.0,1.0,1.0,1.0,4.0,3.0,115.0,39.0,Rp,Miliar,1.61,,,,,,,
2.0,1.0,1.0,3.0,4.0,4.0,300.0,200.0,Rp,Miliar,9.5,,,,,,,
4.0,1.0,2.0,1.0,5.0,5.0,554.0,804.0,Rp,Miliar,45.0,,,,,,,
1.0,1.0,1.0,2.0,2.0,2.0,55.0,40.0,Rp,Miliar,1.43,,,,,,,
4.0,2.0,4.0,2.0,3.0,5.0,1000.0,1989.0,Rp,Miliar,64.0,,,,,,,
3.0,1.0,1.0,3.0,4.0,4.0,250.0,182.0,Rp,Miliar,3.45,,,,,,,
2.0,1.0,1.0,2.0,3.0,4.0,280.0,257.0,Rp,Miliar,5.75,,,,,,,
1.0,1.0,2.0,3.0,5.0,4.0,444.0,423.0,Rp,Miliar,16.9,,,,,,,
2.0,2.0,2.0,2.0,4.0,7.0,1020.0,760.0,Rp,Miliar,16.0,,,,,,,
1.0,1.0,2.0,2.0,3.0,3.0,300.0,190.0,Rp,Miliar,6.5,,,,,,,
2.0,1.0,2.0,2.0,3.0,4.0,500.0,300.0,Rp,Miliar,4.2,,,,,,,
3.0,1.0,2.0,2.0,3.0,4.0,250.0,385.0,Rp,Miliar,6.7,,,,,,,
2.0,1.0,2.0,2.0,3.0,3.0,110.0,90.0,Rp,Miliar,2.25,,,,,,,
2.0,1.0,2.0,2.0,3.0,3.0,105.0,75.0,Rp,Miliar,1.7,,,,,,,
2.0,1.0,2.0,2.0,3.0,3.0,140.0,120.0,Rp,Miliar,2.45,,,,,,,
2.0,1.0,2.0,2.0,3.0,3.0,140.0,125.0,Rp,Miliar,2.35,,,,,,,
2.0,1.0,2.0,2.0,3.0,3.0,125.0,90.0,Rp,Miliar,1.99,,,,,,,
2.0,1.0,2.0,2.0,3.0,3.0,140.0,125.0,Rp,Miliar,2.15,,,,,,,
2.0,1.0,2.0,2.0,3.0,3.0,85.0,87.0,Rp,Miliar,1.99,,,,,,,
2.0,1.0,2.0,2.0,3.0,3.0,140.0,120.0,Rp,Miliar,1.95,,,,,,,
1.0,1.0,1.0,2.0,3.0,3.0,180.0,90.0,Rp,Miliar,2.95,,,,,,,
1.0,1.0,1.0,2.0,3.0,4.0,160.0,160.0,Rp,Miliar,4.8,,,,,,,
1.0,1.0,1.0,2.0,3.0,4.0,250.0,200.0,Rp,Miliar,8.5,,,,,,,
2.0,2.0,2.0,4.0,4.0,6.0,900.0,374.0,Rp,Miliar,9.0,,,,,,,
2.0,1.0,1.0,2.0,4.0,4.0,400.0,300.0,Rp,Miliar,7.35,,,,,,,
1.0,1.0,2.0,2.0,2.0,3.0,528.0,176.0,Rp,Miliar,3.9,,,,,,,
4.0,2.0,2.0,2.0,4.0,6.0,600.0,1000.0,Rp,Miliar,22.0,,,,,,,
4.0,2.0,4.0,1.0,5.0,4.0,600.0,750.0,Rp,Miliar,54.0,,,,,,,
8.0,2.0,8.0,2.0,5.0,5.0,1450.0,2800.0,Rp,Miliar,180.0,,,,,,,
3.0,2.0,3.0,2.0,3.0,4.0,375.0,473.0,Rp,Miliar,13.0,,,,,,,
3.0,1.0,1.0,2.0,3.0,5.0,340.0,270.0,Rp,Miliar,8.8,,,,,,,
1.0,1.0,1.0,2.0,1.0,2.0,350.0,338.0,Rp,Miliar,7.5,,,,,,,
1.0,2.0,1.0,3.0,4.0,4.0,280.0,102.0,Rp,Miliar,4.9,,,,,,,
2.0,2.0,2.0,2.0,5.0,5.0,350.0,536.0,Rp,Miliar,17.0,,,,,,,
2.0,2.0,4.0,3.0,4.0,4.0,603.0,264.0,Rp,Miliar,17.5,,,,,,,
1.0,1.0,1.0,3.0,6.0,4.0,230.0,90.0,Rp,Miliar,3.8,,,,,,,
2.0,2.0,1.0,2.0,3.0,6.0,250.0,300.0,Rp,Miliar,6.3,,,,,,,
2.0,1.0,2.0,2.0,2.0,3.0,103.0,53.0,Rp,Miliar,1.53,,,,,,,
1.0,1.0,1.0,2.0,3.0,4.0,260.0,300.0,Rp,Miliar,6.3,,,,,,,
2.0,1.0,2.0,2.0,6.0,6.0,400.0,564.0,Rp,Miliar,12.5,,,,,,,
2.0,1.0,2.0,1.0,4.0,4.0,417.0,417.0,Rp,Miliar,23.5,,,,,,,
2.0,2.0,2.0,2.0,2.0,3.0,66.0,75.0,Rp,Juta,800.0,,,,,,,
2.0,1.0,3.0,2.0,3.0,3.0,250.0,287.0,Rp,Miliar,7.0,,,,,,,
1.0,1.0,1.0,2.0,3.0,4.0,94.0,53.0,Rp,Miliar,2.4,,,,,,,
8.0,2.0,2.0,2.0,5.0,5.0,1000.0,1380.0,Rp,Miliar,78.0,,,,,,,
2.0,2.0,4.0,3.0,4.0,4.0,900.0,555.0,Rp,Miliar,35.0,,,,,,,
4.0,2.0,4.0,2.0,5.0,6.0,480.0,462.0,Rp,Miliar,17.9,,,,,,,
2.0,2.0,2.0,3.0,3.0,4.0,350.0,210.0,Rp,Miliar,8.0,,,,,,,
2.0,2.0,2.0,2.0,4.0,5.0,413.0,626.0,Rp,Miliar,30.0,,,,,,,
1.0,2.0,2.0,2.0,5.0,4.0,600.0,440.0,Rp,Miliar,21.0,,,,,,,
4.0,2.0,2.0,2.0,6.0,7.0,800.0,574.0,Rp,Miliar,20.5,,,,,,,
2.0,1.0,1.0,2.0,3.0,4.0,250.0,212.0,Rp,Miliar,3.6,,,,,,,
1.0,1.0,1.0,2.0,4.0,4.0,300.0,144.0,Rp,Miliar,6.5,,,,,,,
1.0,1.0,2.0,2.0,3.0,4.0,345.0,240.0,Rp,Miliar,9.0,,,,,,,
1.0,1.0,1.0,2.0,4.0,5.0,345.0,305.0,Rp,Miliar,18.0,,,,,,,
1.0,1.0,1.0,3.0,3.0,3.0,71.0,24.0,Rp,Juta,956.0,,,,,,,
1.0,1.0,1.0,2.0,3.0,5.0,310.0,379.0,Rp,Miliar,8.0,,,,,,,
1.0,1.0,1.0,2.0,2.0,2.0,120.0,60.0,Rp,Miliar,1.97,,,,,,,
1.0,1.0,1.0,3.0,4.0,4.0,300.0,144.0,Rp,Miliar,8.5,,,,,,,
1.0,1.0,1.0,2.0,3.0,3.0,200.0,371.0,Rp,Miliar,6.8,,,,,,,
2.0,1.0,4.0,2.0,5.0,5.0,1200.0,609.0,Rp,Miliar,42.0,,,,,,,
4.0,1.0,4.0,3.0,9.0,32.0,618.0,272.0,Rp,Miliar,6.0,,,,,,,
3.0,2.0,5.0,2.0,5.0,5.0,654.0,489.0,Rp,Miliar,29.0,,,,,,,
1.0,1.0,1.0,2.0,2.0,3.0,79.0,60.0,Rp,Miliar,1.8,,,,,,,
1.0,1.0,1.0,2.0,2.0,3.0,171.0,144.0,Rp,Miliar,5.0,,,,,,,
2.0,1.0,2.0,3.0,5.0,5.0,700.0,320.0,Rp,Miliar,48.5,,,,,,,
4.0,2.0,1.0,2.0,3.0,3.0,680.0,240.0,Rp,Miliar,30.0,,,,,,,
2.0,1.0,2.0,2.0,2.0,3.0,400.0,230.0,Rp,Miliar,10.0,,,,,,,
3.0,1.0,3.0,3.0,3.0,4.0,350.0,180.0,Rp,Miliar,8.8,,,,,,,
2.0,1.0,2.0,2.0,2.0,4.0,156.0,120.0,Rp,Miliar,3.5,,,,,,,
2.0,1.0,1.0,2.0,3.0,4.0,180.0,128.0,Rp,Miliar,1.9,,,,,,,
6.0,2.0,4.0,1.0,5.0,5.0,488.0,1635.0,Rp,Miliar,30.0,,,,,,,
3.0,1.0,3.0,2.0,4.0,4.0,538.0,244.0,Rp,Miliar,5.49,,,,,,,
3.0,1.0,2.0,1.0,3.0,3.0,320.0,230.0,Rp,Miliar,10.0,,,,,,,
2.0,1.0,2.0,2.0,4.0,4.0,607.0,887.0,Rp,Miliar,20.0,,,,,,,
2.0,2.0,2.0,2.0,5.0,5.0,216.0,270.0,Rp,Miliar,9.95,,,,,,,
2.0,1.0,2.0,2.0,3.0,3.0,400.0,235.0,Rp,Miliar,14.5,,,,,,,
1.0,1.0,1.0,2.0,2.0,3.0,210.0,150.0,Rp,Miliar,5.6,,,,,,,
5.0,1.0,2.0,1.0,6.0,5.0,450.0,518.0,Rp,Miliar,15.5,,,,,,,
2.0,2.0,2.0,2.0,8.0,6.0,1500.0,887.0,Rp,Miliar,30.0,,,,,,,
2.0,1.0,2.0,2.0,4.0,4.0,400.0,600.0,Rp,Miliar,9.5,,,,,,,
7.0,2.0,2.0,2.0,7.0,7.0,600.0,960.0,Rp,Miliar,48.0,,,,,,,
2.0,2.0,3.0,2.0,5.0,4.0,800.0,318.0,Rp,Miliar,29.0,,,,,,,
1.0,1.0,3.0,3.0,3.0,5.0,600.0,250.0,Rp,Miliar,10.2,,,,,,,
3.0,1.0,1.0,2.0,3.0,4.0,300.0,266.0,Rp,Miliar,9.0,,,,,,,
1.0,1.0,1.0,2.0,3.0,3.0,100.0,85.0,Rp,Miliar,1.4,,,,,,,
2.0,1.0,2.0,3.0,4.0,4.0,600.0,240.0,Rp,Miliar,15.0,,,,,,,
1.0,1.0,1.0,4.0,4.0,5.0,350.0,135.0,Rp,Miliar,6.97,,,,,,,
1.0,1.0,1.0,1.0,1.0,3.0,125.0,160.0,Rp,Miliar,4.8,,,,,,,
1.0,1.0,1.0,1.0,1.0,3.0,125.0,160.0,Rp,Miliar,4.7,,,,,,,
3.0,1.0,1.0,2.0,5.0,5.0,490.0,500.0,Rp,Miliar,45.0,,,,,,,
1.0,1.0,1.0,1.0,1.0,2.0,90.0,150.0,Rp,Miliar,2.7,,,,,,,
2.0,2.0,2.0,2.0,3.0,4.0,450.0,400.0,Rp,Miliar,14.5,,,,,,,
2.0,2.0,2.0,4.0,6.0,6.0,1000.0,270.0,Rp,Miliar,13.5,,,,,,,
1.0,1.0,1.0,2.0,4.0,4.0,750.0,360.0,Rp,Miliar,12.5,,,,,,,
2.0,2.0,1.0,2.0,3.0,5.0,250.0,152.0,Rp,Miliar,5.5,,,,,,,
2.0,2.0,2.0,2.0,5.0,5.0,600.0,860.0,Rp,Miliar,21.5,,,,,,,
2.0,2.0,2.0,2.0,4.0,5.0,350.0,653.0,Rp,Miliar,13.9,,,,,,,
1.0,1.0,1.0,2.0,3.0,3.0,300.0,150.0,Rp,Miliar,5.7,,,,,,,
2.0,1.0,2.0,2.0,4.0,5.0,288.0,190.0,Rp,Miliar,3.89,,,,,,,
2.0,1.0,2.0,2.0,3.0,4.0,218.0,153.0,Rp,Miliar,3.95,,,,,,,
1.0,1.0,1.0,3.0,3.0,3.0,138.0,60.0,Rp,Miliar,1.7,,,,,,,
2.0,1.0,2.0,3.0,2.0,6.0,178.0,98.0,Rp,Miliar,2.29,,,,,,,
2.0,1.0,2.0,3.0,4.0,4.0,238.0,105.0,Rp,Miliar,3.89,,,,,,,
2.0,1.0,2.0,3.0,3.0,4.0,338.0,164.0,Rp,Miliar,3.89,,,,,,,
2.0,1.0,2.0,4.0,4.0,3.0,243.0,77.0,Rp,Miliar,2.49,,,,,,,
1.0,1.0,1.0,4.0,3.0,3.0,238.0,80.0,Rp,Miliar,2.7,,,,,,,
1.0,1.0,1.0,2.0,3.0,3.0,97.0,55.0,Rp,Miliar,2.47,,,,,,,
1.0,1.0,1.0,2.0,3.0,3.0,103.0,53.0,Rp,Miliar,1.62,,,,,,,
1.0,1.0,3.0,3.0,3.0,5.0,600.0,250.0,Rp,Miliar,10.2,,,,,,,
2.0,1.0,1.0,3.0,3.0,4.0,540.0,510.0,Rp,Miliar,25.5,,,,,,,
2.0,1.0,2.0,2.0,4.0,4.0,103.0,53.0,Rp,Miliar,1.65,,,,,,,
1.0,1.0,1.0,2.0,3.0,3.0,69.0,48.0,Rp,Miliar,1.53,,,,,,,
2.0,2.0,1.0,2.0,4.0,5.0,900.0,736.0,Rp,Miliar,16.0,,,,,,,
10.0,2.0,2.0,1.0,3.0,3.0,500.0,1375.0,Rp,Miliar,43.0,,,,,,,
2.0,2.0,2.0,2.0,4.0,5.0,530.0,653.0,Rp,Miliar,13.9,,,,,,,
1.0,1.0,1.0,2.0,2.0,3.0,80.0,80.0,Rp,Miliar,2.5,,,,,,,
2.0,1.0,1.0,2.0,3.0,4.0,250.0,160.0,Rp,Miliar,5.75,,,,,,,
1.0,1.0,1.0,2.0,3.0,3.0,160.0,135.0,Rp,Miliar,3.9,,,,,,,
2.0,1.0,2.0,2.0,4.0,4.0,450.0,230.0,Rp,Miliar,9.5,,,,,,,
2.0,1.0,4.0,3.0,5.0,5.0,1200.0,609.0,Rp,Miliar,42.0,,,,,,,
2.0,1.0,2.0,3.0,4.0,4.0,400.0,220.0,Rp,Miliar,11.7,,,,,,,
1.0,1.0,2.0,2.0,4.0,4.0,350.0,264.0,Rp,Miliar,7.9,,,,,,,
3.0,2.0,3.0,3.0,4.0,3.0,611.0,791.0,Rp,Miliar,75.0,,,,,,,
12.0,3.0,4.0,2.0,6.0,7.0,600.0,1600.0,Rp,Miliar,36.0,,,,,,,
1.0,1.0,1.0,2.0,2.0,3.0,99.0,80.0,Rp,Miliar,2.4,,,,,,,
1.0,1.0,1.0,2.0,3.0,3.0,180.0,90.0,Rp,Miliar,3.0,,,,,,,
1.0,1.0,1.0,3.0,3.0,4.0,310.0,200.0,Rp,Miliar,9.1,,,,,,,
1.0,1.0,1.0,3.0,2.0,3.0,73.0,25.0,Rp,Juta,972.0,,,,,,,
2.0,2.0,2.0,2.0,4.0,9.0,739.0,821.0,Rp,Miliar,60.0,,,,,,,
2.0,1.0,2.0,2.0,3.0,3.0,300.0,237.0,Rp,Miliar,5.9,,,,,,,
1.0,1.0,1.0,2.0,4.0,4.0,400.0,300.0,Rp,Miliar,7.0,,,,,,,
1.0,1.0,1.0,1.0,3.0,4.0,300.0,220.0,Rp,Miliar,4.6,,,,,,,
3.0,1.0,4.0,2.0,4.0,5.0,800.0,1000.0,Rp,Miliar,34.9,,,,,,,
2.0,2.0,2.0,3.0,4.0,4.0,320.0,240.0,Rp,Miliar,12.8,,,,,,,
2.0,1.0,1.0,2.0,3.0,4.0,211.0,180.0,Rp,Miliar,4.22,,,,,,,
1.0,2.0,2.0,2.0,4.0,5.0,250.0,335.0,Rp,Miliar,10.0,,,,,,,
2.0,2.0,2.0,2.0,5.0,4.0,515.0,435.0,Rp,Miliar,29.5,,,,,,,
1.0,1.0,1.0,1.0,3.0,4.0,250.0,451.0,Rp,Miliar,19.5,,,,,,,
1.0,1.0,2.0,2.0,3.0,3.0,114.0,105.0,Rp,Miliar,2.5,,,,,,,
2.0,1.0,2.0,2.0,3.0,3.0,90.0,65.0,Rp,Juta,910.0,,,,,,,
8.0,1.0,2.0,2.0,3.0,5.0,372.0,800.0,Rp,Miliar,20.0,,,,,,,
2.0,1.0,2.0,2.0,4.0,5.0,400.0,506.0,Rp,Miliar,9.9,,,,,,,
1.0,1.0,1.0,1.0,1.0,2.0,45.0,55.0,Rp,Juta,508.0,,,,,,,
2.0,1.0,2.0,1.0,3.0,4.0,389.0,1438.0,Rp,Miliar,23.0,,,,,,,
1.0,1.0,1.0,2.0,4.0,4.0,330.0,207.0,Rp,Miliar,2.8,,,,,,,
1.0,1.0,1.0,3.0,2.0,3.0,90.0,42.0,Rp,Juta,850.0,,,,,,,
1.0,1.0,2.0,3.0,4.0,8.0,490.0,140.0,Rp,Miliar,3.5,,,,,,,
2.0,2.0,2.0,2.0,4.0,5.0,600.0,572.0,Rp,Miliar,19.0,,,,,,,
2.0,1.0,4.0,2.0,4.0,4.0,600.0,1047.0,Rp,Miliar,49.0,,,,,,,
2.0,1.0,1.0,2.0,3.0,3.0,180.0,220.0,Rp,Miliar,7.5,,,,,,,
2.0,1.0,2.0,2.0,3.0,3.0,90.0,72.0,Rp,Juta,975.0,,,,,,,
3.0,2.0,2.0,2.0,5.0,5.0,600.0,860.0,Rp,Miliar,22.0,,,,,,,
2.0,1.0,2.0,2.0,3.0,4.0,364.0,252.0,Rp,Miliar,12.5,,,,,,,
8.0,1.0,2.0,3.0,4.0,5.0,1400.0,1935.0,Rp,Miliar,69.0,,,,,,,
4.0,2.0,1.0,2.0,5.0,4.0,747.0,371.0,Rp,Miliar,18.5,,,,,,,
2.0,1.0,1.0,2.0,3.0,3.0,300.0,368.0,Rp,Miliar,21.0,,,,,,,
5.0,1.0,1.0,2.0,3.0,4.0,345.0,220.0,Rp,Miliar,4.5,,,,,,,
1.0,1.0,1.0,1.0,2.0,3.0,144.0,378.0,Rp,Miliar,6.9,,,,,,,
1.0,1.0,1.0,2.0,4.0,3.0,200.0,120.0,Rp,Miliar,4.5,,,,,,,
2.0,1.0,2.0,2.0,4.0,4.0,430.0,433.0,Rp,Miliar,7.85,,,,,,,
8.0,1.0,8.0,2.0,2.0,3.0,200.0,610.0,Rp,Miliar,25.5,,,,,,,
4.0,2.0,2.0,2.0,5.0,4.0,800.0,450.0,Rp,Miliar,22.0,,,,,,,
1.0,1.0,1.0,2.0,3.0,3.0,140.0,100.0,Rp,Miliar,2.75,,,,,,,
1.0,1.0,2.0,2.0,3.0,4.0,185.0,160.0,Rp,Miliar,3.5,,,,,,,
2.0,1.0,2.0,2.0,2.0,3.0,80.0,65.0,Rp,Miliar,1.34,,,,,,,
1.0,1.0,2.0,2.0,3.0,4.0,288.0,255.0,Rp,Miliar,6.5,,,,,,,
2.0,2.0,1.0,2.0,4.0,4.0,300.0,388.0,Rp,Miliar,10.0,,,,,,,
1.0,1.0,2.0,2.0,3.0,4.0,212.0,214.0,Rp,Miliar,8.29,,,,,,,
2.0,1.0,2.0,1.0,2.0,4.0,185.0,317.0,Rp,Miliar,6.8,,,,,,,
1.0,1.0,1.0,3.0,2.0,3.0,200.0,75.0,Rp,Miliar,1.25,,,,,,,
1.0,1.0,2.0,2.0,2.0,3.0,200.0,280.0,Rp,Miliar,5.9,,,,,,,
1.0,1.0,1.0,2.0,3.0,4.0,260.0,130.0,Rp,Miliar,2.9,,,,,,,
1.0,1.0,1.0,2.0,2.0,2.0,200.0,130.0,Rp,Miliar,1.7,,,,,,,
2.0,1.0,2.0,2.0,4.0,4.0,500.0,350.0,Rp,Miliar,12.0,,,,,,,
2.0,1.0,2.0,2.0,3.0,4.0,500.0,459.0,Rp,Miliar,9.8,,,,,,,
2.0,2.0,2.0,2.0,4.0,4.0,305.0,500.0,Rp,Miliar,9.9,,,,,,,
1.0,1.0,1.0,2.0,2.0,4.0,150.0,200.0,Rp,Miliar,3.75,,,,,,,
2.0,1.0,1.0,1.0,3.0,4.0,200.0,274.0,Rp,Miliar,7.67,,,,,,,
3.0,2.0,15.0,2.0,25.0,22.0,500.0,750.0,Rp,Miliar,35.0,,,,,,,
2.0,1.0,2.0,2.0,3.0,3.0,800.0,1110.0,Rp,Miliar,45.0,,,,,,,
1.0,1.0,1.0,2.0,1.0,4.0,180.0,133.0,Rp,Miliar,3.2,,,,,,,
1.0,1.0,2.0,1.0,3.0,4.0,330.0,187.0,Rp,Miliar,6.0,,,,,,,
2.0,1.0,2.0,2.0,4.0,4.0,400.0,312.0,Rp,Miliar,11.7,,,,,,,
10.0,2.0,2.0,2.0,4.0,4.0,1000.0,900.0,Rp,Miliar,14.0,,,,,,,
3.0,1.0,2.0,2.0,5.0,5.0,500.0,400.0,Rp,Miliar,10.5,,,,,,,
1.0,1.0,1.0,3.0,3.0,3.0,200.0,87.0,Rp,Miliar,2.9,,,,,,,
2.0,1.0,2.0,2.0,4.0,4.0,125.0,76.0,Rp,Miliar,1.52,,,,,,,
1.0,1.0,1.0,1.0,2.0,3.0,90.0,120.0,Rp,Miliar,1.6,,,,,,,
4.0,1.0,2.0,1.0,3.0,5.0,500.0,1200.0,Rp,Miliar,31.0,,,,,,,
1.0,1.0,1.0,2.0,10.0,13.0,200.0,299.0,Rp,Miliar,6.5,,,,,,,
2.0,1.0,1.0,2.0,3.0,4.0,250.0,180.0,Rp,Miliar,4.8,,,,,,,
4.0,2.0,2.0,2.0,3.0,5.0,500.0,710.0,Rp,Miliar,15.0,,,,,,,
3.0,1.0,1.0,2.0,3.0,4.0,240.0,243.0,Rp,Miliar,3.2,,,,,,,
2.0,1.0,2.0,2.0,4.0,4.0,103.0,53.0,Rp,Miliar,1.62,,,,,,,
6.0,1.0,4.0,1.0,2.0,5.0,312.0,689.0,Rp,Miliar,42.0,,,,,,,
2.0,2.0,1.0,1.0,3.0,3.0,300.0,509.0,Rp,Miliar,11.5,,,,,,,
2.0,2.0,2.0,2.0,6.0,5.0,800.0,500.0,Rp,Miliar,28.0,,,,,,,
4.0,2.0,2.0,2.0,5.0,5.0,1050.0,625.0,Rp,Miliar,50.0,,,,,,,
2.0,1.0,2.0,2.0,3.0,3.0,180.0,120.0,Rp,Miliar,2.9,,,,,,,
2.0,1.0,2.0,2.0,3.0,4.0,180.0,135.0,Rp,Miliar,3.0,,,,,,,
2.0,1.0,2.0,2.0,4.0,4.0,146.0,120.0,Rp,Miliar,3.4,,,,,,,
2.0,1.0,1.0,2.0,5.0,6.0,300.0,152.0,Rp,Miliar,3.9,,,,,,,
5.0,1.0,1.0,2.0,2.0,3.0,225.0,540.0,Rp,Miliar,7.3,,,,,,,
2.0,2.0,2.0,2.0,4.0,4.0,300.0,250.0,Rp,Miliar,4.0,,,,,,,
2.0,2.0,3.0,2.0,4.0,4.0,1200.0,816.0,Rp,Miliar,86.5,,,,,,,
1.0,1.0,1.0,2.0,3.0,3.0,90.0,108.0,Rp,Miliar,2.45,,,,,,,
1.0,1.0,2.0,2.0,2.0,4.0,180.0,230.0,Rp,Miliar,2.9,,,,,,,
1.0,1.0,1.0,2.0,3.0,3.0,84.0,54.0,Rp,Miliar,1.61,,,,,,,
1.0,2.0,1.0,2.0,3.0,5.0,300.0,265.0,Rp,Miliar,2.95,,,,,,,
4.0,1.0,2.0,2.0,6.0,6.0,550.0,350.0,Rp,Miliar,12.0,,,,,,,
2.0,2.0,2.0,4.0,5.0,5.0,350.0,168.0,Rp,Miliar,7.8,,,,,,,
2.0,1.0,2.0,3.0,4.0,4.0,170.0,103.0,Rp,Miliar,2.2,,,,,,,
1.0,2.0,2.0,2.0,3.0,4.0,300.0,296.0,Rp,Miliar,9.6,,,,,,,
1.0,1.0,1.0,2.0,2.0,3.0,55.0,53.0,Rp,Juta,700.0,,,,,,,
1.0,1.0,1.0,2.0,2.0,2.0,38.0,30.0,Rp,Juta,568.0,,,,,,,
4.0,1.0,4.0,2.0,5.0,6.0,480.0,499.0,Rp,Miliar,8.29,,,,,,,
1.0,1.0,1.0,1.0,3.0,5.0,250.0,295.0,Rp,Miliar,3.9,,,,,,,
2.0,1.0,2.0,2.0,3.0,4.0,200.0,575.0,Rp,Miliar,7.5,,,,,,,
2.0,1.0,2.0,2.0,3.0,3.0,300.0,230.0,Rp,Miliar,11.0,,,,,,,
2.0,1.0,2.0,3.0,4.0,5.0,250.0,200.0,Rp,Miliar,17.5,,,,,,,
2.0,1.0,2.0,2.0,3.0,4.0,330.0,300.0,Rp,Miliar,14.5,,,,,,,
2.0,1.0,2.0,2.0,3.0,4.0,150.0,120.0,Rp,Miliar,4.9,,,,,,,
2.0,1.0,2.0,4.0,8.0,5.0,1500.0,450.0,Rp,Miliar,42.0,,,,,,,
2.0,1.0,1.0,3.0,3.0,4.0,435.0,300.0,Rp,Miliar,12.5,,,,,,,
3.0,2.0,4.0,2.0,4.0,6.0,300.0,476.0,Rp,Miliar,8.5,,,,,,,
2.0,1.0,2.0,4.0,4.0,4.0,300.0,160.0,Rp,Miliar,5.5,,,,,,,
1.0,2.0,2.0,2.0,3.0,4.0,400.0,440.0,Rp,Miliar,21.5,,,,,,,
1.0,1.0,1.0,4.0,3.0,3.0,250.0,90.0,Rp,Miliar,3.9,,,,,,,
1.0,1.0,1.0,2.0,20.0,24.0,584.0,377.0,Rp,Miliar,6.5,,,,,,,
2.0,1.0,1.0,3.0,4.0,4.0,700.0,360.0,Rp,Miliar,19.5,,,,,,,
1.0,1.0,1.0,2.0,3.0,4.0,300.0,250.0,Rp,Miliar,6.5,,,,,,,
10.0,2.0,3.0,2.0,4.0,5.0,520.0,750.0,Rp,Miliar,12.5,,,,,,,
2.0,1.0,2.0,2.0,3.0,4.0,531.0,587.0,Rp,Miliar,31.0,,,,,,,
4.0,2.0,2.0,2.0,4.0,6.0,500.0,705.0,Rp,Miliar,19.0,,,,,,,
2.0,1.0,2.0,2.0,2.0,3.0,300.0,403.0,Rp,Miliar,5.5,,,,,,,
2.0,2.0,2.0,2.0,3.0,4.0,443.0,447.0,Rp,Miliar,12.5,,,,,,,
2.0,2.0,2.0,2.0,3.0,4.0,600.0,447.0,Rp,Miliar,12.5,,,,,,,
5.0,2.0,4.0,2.0,4.0,4.0,440.0,563.0,Rp,Miliar,18.9,,,,,,,
1.0,1.0,1.0,2.0,2.0,3.0,314.0,223.0,Rp,Miliar,3.5,,,,,,,
1.0,1.0,1.0,2.0,3.0,3.0,72.0,52.0,Rp,Miliar,1.7,,,,,,,
4.0,1.0,4.0,2.0,2.0,7.0,402.0,276.0,Rp,Miliar,9.0,,,,,,,
2.0,1.0,3.0,2.0,4.0,4.0,500.0,797.0,Rp,Miliar,14.0,,,,,,,
10.0,2.0,4.0,2.0,4.0,5.0,585.0,1332.0,Rp,Miliar,27.5,,,,,,,
2.0,1.0,2.0,2.0,5.0,5.0,426.0,754.0,Rp,Miliar,8.66,,,,,,,
3.0,2.0,5.0,2.0,8.0,8.0,1000.0,774.0,Rp,Miliar,14.8,,,,,,,
1.0,2.0,2.0,2.0,4.0,4.0,350.0,270.0,Rp,Miliar,16.8,,,,,,,
2.0,2.0,4.0,3.0,6.0,4.0,603.0,264.0,Rp,Miliar,17.2,,,,,,,
2.0,2.0,4.0,2.0,6.0,5.0,1000.0,1027.0,Rp,Miliar,55.0,,,,,,,
1.0,1.0,1.0,2.0,3.0,6.0,450.0,450.0,Rp,Miliar,14.0,,,,,,,
2.0,1.0,2.0,2.0,2.0,3.0,75.0,51.0,Rp,Miliar,1.35,,,,,,,
3.0,2.0,1.0,3.0,5.0,6.0,600.0,227.0,Rp,Miliar,12.0,,,,,,,
2.0,2.0,4.0,3.0,6.0,4.0,600.0,220.0,Rp,Miliar,7.9,,,,,,,
2.0,1.0,1.0,2.0,4.0,4.0,200.0,180.0,Rp,Miliar,4.8,,,,,,,
1.0,1.0,1.0,1.0,3.0,5.0,645.0,225.0,Rp,Miliar,9.0,,,,,,,
1.0,1.0,1.0,2.0,4.0,5.0,345.0,240.0,Rp,Miliar,8.95,,,,,,,
1.0,1.0,1.0,2.0,4.0,4.0,280.0,160.0,Rp,Miliar,3.2,,,,,,,
1.0,1.0,1.0,2.0,3.0,4.0,250.0,200.0,Rp,Miliar,6.3,,,,,,,
2.0,2.0,6.0,2.0,6.0,6.0,800.0,375.0,Rp,Miliar,37.0,,,,,,,
1.0,1.0,1.0,2.0,4.0,4.0,300.0,235.0,Rp,Miliar,8.2,,,,,,,
1.0,2.0,1.0,3.0,3.0,4.0,300.0,250.0,Rp,Miliar,3.5,,,,,,,
1.0,1.0,1.0,2.0,3.0,3.0,103.0,53.0,Rp,Miliar,1.66,,,,,,,
2.0,1.0,2.0,2.0,2.0,3.0,170.0,125.0,Rp,Miliar,2.4,,,,,,,
2.0,1.0,2.0,2.0,3.0,3.0,130.0,100.0,Rp,Miliar,2.15,,,,,,,
2.0,1.0,4.0,1.0,3.0,4.0,400.0,264.0,Rp,Miliar,11.5,,,,,,,
1.0,1.0,2.0,2.0,3.0,3.0,222.0,375.0,Rp,Miliar,7.9,,,,,,,
2.0,1.0,4.0,2.0,8.0,7.0,720.0,480.0,Rp,Miliar,8.2,,,,,,,
2.0,2.0,8.0,3.0,8.0,4.0,600.0,325.0,Rp,Miliar,33.0,,,,,,,
1.0,1.0,2.0,2.0,3.0,4.0,250.0,212.0,Rp,Miliar,3.6,,,,,,,
1.0,2.0,1.0,2.0,3.0,3.0,220.0,144.0,Rp,Miliar,5.0,,,,,,,
2.0,2.0,2.0,2.0,5.0,6.0,490.0,690.0,Rp,Miliar,15.0,,,,,,,
2.0,2.0,2.0,4.0,8.0,5.0,1500.0,450.0,Rp,Miliar,42.0,,,,,,,
2.0,1.0,2.0,2.0,6.0,4.0,523.0,517.0,Rp,Miliar,29.5,,,,,,,
2.0,1.0,2.0,3.0,6.0,5.0,510.0,515.0,Rp,Miliar,29.5,,,,,,,
2.0,1.0,2.0,2.0,4.0,4.0,530.0,475.0,Rp,Miliar,7.5,,,,,,,
1.0,1.0,1.0,2.0,3.0,4.0,140.0,102.0,Rp,Miliar,3.2,,,,,,,
1.0,2.0,2.0,1.0,3.0,3.0,325.0,420.0,Rp,Miliar,20.0,,,,,,,
2.0,2.0,3.0,3.0,5.0,5.0,765.0,540.0,Rp,Miliar,22.0,,,,,,,
6.0,2.0,2.0,2.0,5.0,4.0,800.0,1046.0,Rp,Miliar,125.0,,,,,,,
2.0,1.0,1.0,2.0,3.0,4.0,218.0,306.0,Rp,Miliar,3.79,,,,,,,
4.0,2.0,1.0,2.0,4.0,4.0,500.0,296.0,Rp,Miliar,12.0,,,,,,,
2.0,1.0,2.0,3.0,3.0,3.0,200.0,60.0,Rp,Miliar,2.39,,,,,,,
1.0,1.0,2.0,3.0,3.0,3.0,400.0,230.0,Rp,Miliar,9.99,,,,,,,
1.0,1.0,2.0,3.0,3.0,4.0,250.0,160.0,Rp,Miliar,6.3,,,,,,,
2.0,2.0,2.0,2.0,5.0,4.0,330.0,300.0,Rp,Miliar,9.1,,,,,,,
2.0,1.0,2.0,2.0,5.0,4.0,224.0,200.0,Rp,Miliar,6.5,,,,,,,
2.0,2.0,4.0,3.0,4.0,4.0,603.0,274.0,Rp,Miliar,17.5,,,,,,,
1.0,1.0,1.0,2.0,3.0,4.0,250.0,180.0,Rp,Miliar,8.8,,,,,,,
1.0,1.0,1.0,2.0,3.0,4.0,241.0,220.0,Rp,Miliar,7.25,,,,,,,
2.0,1.0,2.0,1.0,4.0,4.0,400.0,900.0,Rp,Miliar,16.5,,,,,,,
2.0,2.0,2.0,1.0,5.0,5.0,600.0,400.0,Rp,Miliar,27.0,,,,,,,
2.0,1.0,1.0,3.0,5.0,14.0,225.0,90.0,Rp,Miliar,3.5,,,,,,,
1.0,1.0,1.0,1.0,2.0,3.0,280.0,300.0,Rp,Miliar,12.0,,,,,,,
1.0,1.0,1.0,1.0,2.0,3.0,140.0,223.0,Rp,Miliar,4.8,,,,,,,
1.0,1.0,1.0,3.0,3.0,3.0,210.0,75.0,Rp,Miliar,2.5,,,,,,,
1.0,1.0,1.0,2.0,4.0,4.0,600.0,283.0,Rp,Miliar,12.5,,,,,,,
2.0,1.0,2.0,3.0,3.0,4.0,500.0,272.0,Rp,Miliar,15.0,,,,,,,
1.0,1.0,1.0,3.0,3.0,3.0,98.0,51.0,Rp,Miliar,1.5,,,,,,,
1.0,1.0,1.0,3.0,4.0,4.0,168.0,72.0,Rp,Miliar,2.2,,,,,,,
2.0,1.0,2.0,2.0,2.0,3.0,158.0,136.0,Rp,Miliar,2.75,,,,,,,
2.0,1.0,3.0,2.0,3.0,4.0,268.0,202.0,Rp,Miliar,4.75,,,,,,,
2.0,1.0,2.0,4.0,4.0,4.0,598.0,192.0,Rp,Miliar,5.95,,,,,,,
1.0,1.0,1.0,2.0,2.0,3.0,78.0,52.0,Rp,Miliar,1.2,,,,,,,
2.0,1.0,2.0,3.0,5.0,4.0,228.0,88.0,Rp,Miliar,2.9,,,,,,,
1.0,1.0,1.0,4.0,3.0,3.0,180.0,75.0,Rp,Miliar,2.5,,,,,,,
1.0,1.0,1.0,4.0,3.0,3.0,268.0,100.0,Rp,Miliar,3.75,,,,,,,
1.0,1.0,1.0,3.0,3.0,1.0,138.0,64.0,Rp,Miliar,2.17,,,,,,,
4.0,1.0,3.0,4.0,4.0,3.0,838.0,259.0,Rp,Miliar,8.5,,,,,,,
1.0,1.0,1.0,3.0,3.0,3.0,168.0,60.0,Rp,Miliar,2.25,,,,,,,
2.0,1.0,2.0,2.0,2.0,4.0,218.0,140.0,Rp,Miliar,2.2,,,,,,,
2.0,1.0,1.0,2.0,2.0,2.0,62.0,45.0,Rp,Miliar,1.3,,,,,,,
1.0,1.0,1.0,3.0,3.0,3.0,117.0,54.0,Rp,Miliar,1.47,,,,,,,
2.0,1.0,2.0,2.0,4.0,5.0,418.0,244.0,Rp,Miliar,4.8,,,,,,,
1.0,1.0,1.0,3.0,3.0,3.0,118.0,50.0,Rp,Miliar,1.6,,,,,,,
2.0,1.0,2.0,3.0,3.0,4.0,400.0,200.0,Rp,Miliar,9.3,,,,,,,
2.0,1.0,2.0,2.0,2.0,3.0,110.0,144.0,Rp,Miliar,2.8,,,,,,,
1.0,1.0,1.0,3.0,3.0,3.0,71.0,24.0,Rp,Juta,959.0,,,,,,,
2.0,2.0,2.0,4.0,4.0,5.0,430.0,200.0,Rp,Miliar,12.0,,,,,,,
2.0,1.0,1.0,2.0,3.0,5.0,168.0,112.0,Rp,Miliar,2.4,,,,,,,
6.0,1.0,6.0,2.0,3.0,4.0,518.0,540.0,Rp,Miliar,13.0,,,,,,,
1.0,1.0,1.0,2.0,3.0,3.0,94.0,53.0,Rp,Miliar,2.28,,,,,,,
1.0,1.0,1.0,2.0,3.0,2.0,69.0,48.0,Rp,Miliar,1.53,,,,,,,
2.0,2.0,1.0,2.0,4.0,5.0,300.0,240.0,Rp,Miliar,12.7,,,,,,,
1.0,1.0,1.0,2.0,3.0,4.0,255.0,160.0,Rp,Miliar,3.15,,,,,,,
2.0,1.0,2.0,2.0,2.0,3.0,250.0,488.0,Rp,Miliar,29.0,,,,,,,
4.0,2.0,8.0,2.0,6.0,6.0,876.0,675.0,Rp,Miliar,60.0,,,,,,,
2.0,1.0,2.0,3.0,4.0,4.0,230.0,250.0,Rp,Miliar,9.2,,,,,,,
2.0,1.0,2.0,2.0,3.0,4.0,250.0,368.0,Rp,Miliar,27.0,,,,,,,
1.0,1.0,1.0,1.0,3.0,4.0,147.0,317.0,Rp,Miliar,16.2,,,,,,,
1.0,1.0,1.0,2.0,3.0,4.0,345.0,240.0,Rp,Miliar,9.0,,,,,,,
2.0,1.0,2.0,2.0,4.0,4.0,998.0,420.0,Rp,Miliar,23.0,,,,,,,
2.0,2.0,2.0,3.0,4.0,3.0,300.0,160.0,Rp,Miliar,5.0,,,,,,,
2.0,2.0,2.0,2.0,4.0,4.0,160.0,400.0,Rp,Miliar,5.9,,,,,,,
3.0,2.0,2.0,3.0,7.0,8.0,1400.0,530.0,Rp,Miliar,17.0,,,,,,,
2.0,1.0,2.0,2.0,5.0,5.0,900.0,890.0,Rp,Miliar,25.0,,,,,,,
1.0,1.0,1.0,2.0,4.0,5.0,350.0,160.0,Rp,Miliar,7.5,,,,,,,
1.0,1.0,1.0,2.0,4.0,4.0,500.0,300.0,Rp,Miliar,16.5,,,,,,,
1.0,1.0,1.0,3.0,2.0,3.0,88.0,30.0,Rp,Juta,900.0,,,,,,,
5.0,1.0,3.0,2.0,5.0,5.0,837.0,1000.0,Rp,Miliar,35.0,,,,,,,
2.0,1.0,2.0,4.0,3.0,4.0,318.0,116.0,Rp,Miliar,3.9,,,,,,,
1.0,1.0,1.0,4.0,3.0,3.0,228.0,76.0,Rp,Miliar,2.7,,,,,,,
1.0,1.0,1.0,4.0,3.0,4.0,178.0,64.0,Rp,Miliar,1.95,,,,,,,
1.0,1.0,1.0,3.0,3.0,3.0,300.0,136.0,Rp,Miliar,9.5,,,,,,,
2.0,1.0,2.0,2.0,4.0,5.0,900.0,450.0,Rp,Miliar,18.5,,,,,,,
1.0,1.0,2.0,2.0,3.0,2.0,86.0,105.0,Rp,Miliar,2.19,,,,,,,
1.0,1.0,1.0,2.0,3.0,3.0,94.0,53.0,Rp,Miliar,1.3,,,,,,,
1.0,1.0,1.0,2.0,2.0,2.0,72.0,45.0,Rp,Miliar,1.6,,,,,,,
1.0,1.0,1.0,2.0,4.0,3.0,150.0,144.0,Rp,Miliar,4.2,,,,,,,
1.0,1.0,1.0,2.0,2.0,3.0,75.0,90.0,Rp,Miliar,1.58,,,,,,,
2.0,2.0,2.0,3.0,3.0,4.0,170.0,144.0,Rp,Miliar,6.0,,,,,,,
1.0,1.0,1.0,3.0,3.0,4.0,250.0,192.0,Rp,Miliar,15.0,,,,,,,
1.0,1.0,1.0,2.0,4.0,5.0,275.0,160.0,Rp,Miliar,5.6,,,,,,,
1.0,2.0,2.0,4.0,4.0,4.0,600.0,283.0,Rp,Miliar,12.5,,,,,,,
2.0,1.0,2.0,2.0,3.0,3.0,550.0,313.0,Rp,Miliar,17.0,,,,,,,
2.0,1.0,1.0,3.0,3.0,4.0,900.0,360.0,Rp,Miliar,12.5,,,,,,,
1.0,1.0,1.0,2.0,3.0,3.0,450.0,230.0,Rp,Miliar,11.0,,,,,,,
1.0,1.0,1.0,2.0,3.0,3.0,103.0,53.0,Rp,Miliar,1.65,,,,,,,
2.0,2.0,1.0,2.0,3.0,3.0,253.0,359.0,Rp,Miliar,5.3,,,,,,,
4.0,2.0,4.0,2.0,5.0,5.0,800.0,1350.0,Rp,Miliar,28.5,,,,,,,
2.0,1.0,2.0,1.0,3.0,5.0,180.0,118.0,Rp,Miliar,3.5,,,,,,,
2.0,2.0,2.0,2.0,4.0,5.0,440.0,560.0,Rp,Miliar,18.0,,,,,,,
1.0,1.0,1.0,3.0,3.0,3.0,71.0,24.0,Rp,Juta,895.0,,,,,,,
1.0,1.0,1.0,2.0,3.0,3.0,200.0,112.0,Rp,Miliar,2.6,,,,,,,
2.0,1.0,2.0,2.0,4.0,5.0,450.0,640.0,Rp,Miliar,23.0,,,,,,,
2.0,1.0,8.0,3.0,5.0,8.0,1900.0,1130.0,Rp,Miliar,80.0,,,,,,,
1.0,1.0,1.0,3.0,4.0,4.0,250.0,180.0,Rp,Miliar,12.0,,,,,,,
1.0,1.0,2.0,3.0,3.0,4.0,350.0,136.0,Rp,Miliar,5.2,,,,,,,
4.0,1.0,4.0,4.0,4.0,4.0,500.0,310.0,Rp,Miliar,11.0,,,,,,,
1.0,1.0,1.0,2.0,3.0,3.0,180.0,220.0,Rp,Miliar,3.0,,,,,,,
2.0,1.0,2.0,2.0,3.0,3.0,250.0,200.0,Rp,Miliar,7.5,,,,,,,
2.0,1.0,2.0,2.0,5.0,6.0,800.0,450.0,Rp,Miliar,21.0,,,,,,,
1.0,1.0,1.0,2.0,3.0,4.0,350.0,230.0,Rp,Miliar,10.0,,,,,,,
1.0,1.0,1.0,3.0,3.0,4.0,600.0,360.0,Rp,Miliar,11.5,,,,,,,
2.0,2.0,1.0,3.0,3.0,5.0,500.0,250.0,Rp,Miliar,9.0,,,,,,,
2.0,2.0,1.0,3.0,3.0,4.0,540.0,225.0,Rp,Miliar,8.5,,,,,,,
4.0,2.0,2.0,2.0,3.0,4.0,600.0,605.0,Rp,Miliar,23.0,,,,,,,
2.0,1.0,2.0,3.0,4.0,4.0,300.0,230.0,Rp,Miliar,10.0,,,,,,,
2.0,1.0,2.0,3.0,4.0,4.0,350.0,250.0,Rp,Miliar,7.4,,,,,,,
4.0,1.0,4.0,2.0,4.0,4.0,700.0,605.0,Rp,Miliar,23.0,,,,,,,
2.0,1.0,2.0,2.0,3.0,3.0,136.0,136.0,Rp,Miliar,5.6,,,,,,,
2.0,1.0,2.0,2.0,3.0,3.0,120.0,120.0,Rp,Miliar,3.75,,,,,,,
5.0,1.0,5.0,3.0,6.0,6.0,1019.0,1019.0,Rp,Miliar,70.0,,,,,,,
2.0,1.0,2.0,2.0,3.0,3.0,120.0,120.0,Rp,Miliar,3.7,,,,,,,
3.0,1.0,1.0,2.0,4.0,4.0,400.0,250.0,Rp,Miliar,5.8,,,,,,,
5.0,2.0,2.0,2.0,5.0,5.0,600.0,551.0,Rp,Miliar,19.8,,,,,,,
3.0,1.0,3.0,2.0,3.0,3.0,100.0,80.0,Rp,Miliar,2.3,,,,,,,
1.0,1.0,1.0,3.0,4.0,3.0,138.0,67.0,Rp,Miliar,1.85,,,,,,,
1.0,1.0,1.0,3.0,3.0,4.0,138.0,67.0,Rp,Miliar,2.0,,,,,,,
1.0,1.0,1.0,4.0,4.0,4.0,148.0,59.0,Rp,Miliar,2.8,,,,,,,
4.0,2.0,4.0,4.0,6.0,6.0,638.0,280.0,Rp,Miliar,13.9,,,,,,,
1.0,1.0,2.0,2.0,3.0,5.0,400.0,250.0,Rp,Miliar,6.9,,,,,,,
2.0,2.0,2.0,4.0,5.0,7.0,2000.0,1100.0,Rp,Miliar,78.0,,,,,,,
2.0,2.0,2.0,3.0,3.0,4.0,750.0,450.0,Rp,Miliar,29.0,,,,,,,
1.0,2.0,1.0,2.0,4.0,4.0,345.0,240.0,Rp,Miliar,8.8,,,,,,,
2.0,2.0,4.0,2.0,5.0,5.0,900.0,450.0,Rp,Miliar,23.0,,,,,,,
2.0,1.0,1.0,2.0,2.0,6.0,350.0,175.0,Rp,Miliar,3.1,,,,,,,
2.0,2.0,2.0,4.0,3.0,3.0,600.0,210.0,Rp,Miliar,11.0,,,,,,,
3.0,2.0,2.0,2.0,5.0,5.0,500.0,823.0,Rp,Miliar,16.8,,,,,,,
4.0,1.0,4.0,2.0,7.0,5.0,600.0,1500.0,Rp,Miliar,28.0,,,,,,,
4.0,1.0,2.0,1.0,4.0,4.0,600.0,800.0,Rp,Miliar,16.0,,,,,,,
6.0,1.0,2.0,2.0,4.0,3.0,320.0,458.0,Rp,Miliar,55.0,,,,,,,
1.0,1.0,1.0,2.0,3.0,6.0,350.0,264.0,Rp,Miliar,11.5,,,,,,,
2.0,1.0,2.0,2.0,5.0,4.0,300.0,408.0,Rp,Miliar,32.0,,,,,,,
2.0,2.0,2.0,3.0,5.0,4.0,444.0,480.0,Rp,Miliar,21.5,,,,,,,
2.0,1.0,1.0,2.0,5.0,4.0,330.0,300.0,Rp,Miliar,9.1,,,,,,,
1.0,1.0,1.0,2.0,3.0,4.0,150.0,160.0,Rp,Miliar,3.79,,,,,,,
8.0,2.0,2.0,2.0,5.0,7.0,700.0,1595.0,Rp,Miliar,95.0,,,,,,,
1.0,1.0,1.0,2.0,2.0,3.0,110.0,90.0,Rp,Miliar,2.15,,,,,,,
2.0,2.0,2.0,2.0,3.0,4.0,345.0,240.0,Rp,Miliar,8.8,,,,,,,
3.0,2.0,2.0,2.0,5.0,5.0,600.0,860.0,Rp,Miliar,22.0,,,,,,,
2.0,1.0,2.0,2.0,3.0,3.0,90.0,76.0,Rp,Miliar,2.35,,,,,,,
2.0,1.0,2.0,3.0,4.0,4.0,756.0,420.0,Rp,Miliar,23.5,,,,,,,
1.0,2.0,1.0,2.0,3.0,3.0,300.0,340.0,Rp,Miliar,12.5,,,,,,,
2.0,1.0,2.0,2.0,2.0,3.0,103.0,53.0,Rp,Miliar,1.62,,,,,,,
1.0,1.0,1.0,2.0,2.0,3.0,70.0,60.0,Rp,Miliar,1.32,,,,,,,
1.0,1.0,1.0,3.0,4.0,4.0,207.0,103.0,Rp,Miliar,3.5,,,,,,,
1.0,1.0,2.0,2.0,5.0,6.0,440.0,328.0,Rp,Miliar,8.9,,,,,,,
2.0,1.0,2.0,1.0,4.0,4.0,500.0,200.0,Rp,Miliar,5.0,,,,,,,
2.0,1.0,2.0,2.0,4.0,6.0,600.0,1000.0,Rp,Miliar,22.0,,,,,,,
2.0,2.0,2.0,2.0,6.0,5.0,510.0,515.0,Rp,Miliar,29.0,,,,,,,
2.0,1.0,1.0,2.0,3.0,3.0,103.0,53.0,Rp,Miliar,1.62,,,,,,,
4.0,2.0,4.0,4.0,4.0,6.0,900.0,374.0,Rp,Miliar,8.5,,,,,,,
4.0,1.0,4.0,3.0,5.0,5.0,1000.0,432.0,Rp,Miliar,16.0,,,,,,,
1.0,1.0,1.0,1.0,2.0,2.0,110.0,154.0,Rp,Miliar,3.9,,,,,,,
3.0,2.0,3.0,2.0,4.0,7.0,400.0,633.0,Rp,Miliar,19.0,,,,,,,
1.0,1.0,1.0,2.0,3.0,3.0,69.0,48.0,Rp,Miliar,1.6,,,,,,,
2.0,1.0,1.0,2.0,3.0,4.0,185.0,120.0,Rp,Miliar,4.35,,,,,,,
2.0,2.0,2.0,3.0,4.0,6.0,883.0,300.0,Rp,Miliar,8.5,,,,,,,
2.0,2.0,2.0,2.0,4.0,4.0,314.0,311.0,Rp,Miliar,11.0,,,,,,,
6.0,2.0,4.0,2.0,6.0,6.0,2500.0,1050.0,Rp,Miliar,88.0,,,,,,,
1.0,1.0,1.0,3.0,3.0,2.0,71.0,24.0,Rp,Juta,959.0,,,,,,,
2.0,3.0,2.0,3.0,5.0,7.0,650.0,240.0,Rp,Miliar,19.0,,,,,,,
2.0,2.0,2.0,2.0,4.0,4.0,531.0,758.0,Rp,Miliar,26.0,,,,,,,
1.0,1.0,1.0,2.0,3.0,3.0,338.0,231.0,Rp,Miliar,3.8,,,,,,,
3.0,1.0,1.0,2.0,3.0,5.0,400.0,264.0,Rp,Miliar,2.5,,,,,,,
1.0,1.0,1.0,2.0,3.0,3.0,168.0,125.0,Rp,Miliar,2.9,,,,,,,
2.0,2.0,1.0,2.0,4.0,5.0,550.0,508.0,Rp,Miliar,10.5,,,,,,,
1.0,1.0,1.0,3.0,3.0,4.0,220.0,75.0,Rp,Miliar,2.65,,,,,,,
3.0,2.0,5.0,2.0,3.0,5.0,483.0,956.0,Rp,Miliar,82.0,,,,,,,
2.0,2.0,3.0,3.0,4.0,4.0,440.0,360.0,Rp,Miliar,25.0,,,,,,,
5.0,1.0,5.0,2.0,8.0,6.0,1050.0,1200.0,Rp,Miliar,54.0,,,,,,,
1.0,1.0,2.0,2.0,3.0,3.0,140.0,120.0,Rp,Miliar,2.6,,,,,,,
2.0,2.0,1.0,2.0,4.0,5.0,600.0,520.0,Rp,Miliar,13.5,,,,,,,
7.0,1.0,1.0,2.0,12.0,14.0,450.0,413.0,Rp,Miliar,8.0,,,,,,,
2.0,2.0,6.0,2.0,4.0,4.0,1200.0,819.0,Rp,Miliar,85.0,,,,,,,
2.0,1.0,6.0,3.0,4.0,4.0,1200.0,475.0,Rp,Miliar,65.0,,,,,,,
1.0,1.0,1.0,2.0,3.0,3.0,250.0,225.0,Rp,Miliar,3.0,,,,,,,
4.0,1.0,5.0,2.0,3.0,4.0,500.0,825.0,Rp,Miliar,19.3,,,,,,,
2.0,2.0,4.0,3.0,4.0,4.0,603.0,264.0,Rp,Miliar,18.0,,,,,,,
2.0,1.0,3.0,1.0,2.0,4.0,325.0,99.0,Rp,Miliar,4.15,,,,,,,
1.0,1.0,2.0,3.0,4.0,4.0,360.0,161.0,Rp,Miliar,6.5,,,,,,,
1.0,1.0,2.0,2.0,2.0,3.0,120.0,105.0,Rp,Miliar,1.8,,,,,,,
1.0,2.0,2.0,3.0,4.0,5.0,600.0,240.0,Rp,Miliar,4.7,,,,,,,
1.0,1.0,1.0,3.0,4.0,3.0,234.0,96.0,Rp,Miliar,3.65,,,,,,,
1.0,1.0,2.0,3.0,3.0,2.0,250.0,108.0,Rp,Miliar,3.85,,,,,,,
1.0,1.0,1.0,3.0,2.0,4.0,200.0,93.0,Rp,Miliar,3.2,,,,,,,
1.0,2.0,1.0,3.0,3.0,3.0,270.0,136.0,Rp,Miliar,3.97,,,,,,,
1.0,1.0,1.0,2.0,3.0,5.0,180.0,153.0,Rp,Miliar,4.0,,,,,,,
1.0,2.0,2.0,3.0,3.0,4.0,270.0,160.0,Rp,Miliar,4.5,,,,,,,
2.0,2.0,2.0,2.0,5.0,5.0,400.0,742.0,Rp,Miliar,20.0,,,,,,,
2.0,1.0,4.0,3.0,5.0,5.0,465.0,168.0,Rp,Miliar,7.8,,,,,,,
2.0,1.0,2.0,2.0,3.0,5.0,405.0,391.0,Rp,Miliar,6.5,,,,,,,
2.0,1.0,1.0,2.0,4.0,4.0,500.0,300.0,Rp,Miliar,6.8,,,,,,,
2.0,1.0,2.0,2.0,4.0,4.0,350.0,300.0,Rp,Miliar,5.5,,,,,,,
3.0,2.0,1.0,1.0,4.0,3.0,250.0,350.0,Rp,Miliar,18.0,,,,,,,
2.0,2.0,1.0,2.0,3.0,4.0,300.0,180.0,Rp,Miliar,5.5,,,,,,,
3.0,1.0,1.0,2.0,5.0,6.0,600.0,543.0,Rp,Miliar,19.0,,,,,,,
2.0,2.0,4.0,3.0,9.0,7.0,2000.0,1144.0,Rp,Miliar,35.0,,,,,,,
2.0,2.0,2.0,3.0,4.0,4.0,290.0,112.0,Rp,Miliar,3.75,,,,,,,
1.0,2.0,2.0,2.0,4.0,5.0,580.0,420.0,Rp,Miliar,9.5,,,,,,,
1.0,1.0,8.0,3.0,4.0,7.0,160.0,174.0,Rp,Miliar,6.0,,,,,,,
2.0,1.0,2.0,1.0,4.0,5.0,366.0,1025.0,Rp,Miliar,18.0,,,,,,,
1.0,2.0,1.0,2.0,2.0,3.0,450.0,215.0,Rp,Miliar,9.6,,,,,,,
1.0,1.0,1.0,1.0,2.0,2.0,95.0,106.0,Rp,Miliar,1.08,,,,,,,
4.0,1.0,4.0,1.0,2.0,3.0,150.0,200.0,Rp,Miliar,2.03,,,,,,,
1.0,1.0,1.0,1.0,1.0,2.0,48.0,70.0,Rp,Juta,590.0,,,,,,,
2.0,2.0,4.0,3.0,4.0,5.0,650.0,710.0,Rp,Miliar,44.0,,,,,,,
3.0,1.0,2.0,2.0,4.0,4.0,300.0,250.0,Rp,Miliar,4.0,,,,,,,
1.0,1.0,1.0,1.0,2.0,2.0,90.0,116.0,Rp,Miliar,1.71,,,,,,,
1.0,1.0,1.0,2.0,2.0,3.0,145.0,90.0,Rp,Miliar,1.82,,,,,,,
1.0,1.0,1.0,2.0,3.0,3.0,121.0,100.0,Rp,Miliar,2.47,,,,,,,
1.0,1.0,1.0,2.0,3.0,4.0,162.0,215.0,Rp,Miliar,4.23,,,,,,,
1.0,1.0,1.0,1.0,3.0,3.0,200.0,265.0,Rp,Miliar,2.36,,,,,,,
1.0,2.0,1.0,2.0,4.0,4.0,252.0,120.0,Rp,Miliar,2.89,,,,,,,
1.0,1.0,1.0,2.0,3.0,3.0,130.0,73.0,Rp,Miliar,2.14,,,,,,,
1.0,1.0,1.0,2.0,2.0,3.0,71.0,88.0,Rp,Miliar,2.14,,,,,,,
1.0,1.0,1.0,2.0,3.0,3.0,150.0,109.0,Rp,Miliar,3.0,,,,,,,
2.0,2.0,2.0,2.0,4.0,5.0,350.0,600.0,Rp,Miliar,16.0,,,,,,,
2.0,1.0,1.0,3.0,3.0,5.0,188.0,90.0,Rp,Miliar,3.69,,,,,,,
1.0,1.0,1.0,3.0,3.0,4.0,138.0,52.0,Rp,Miliar,1.89,,,,,,,
2.0,2.0,2.0,1.0,3.0,5.0,244.0,246.0,Rp,Miliar,12.0,,,,,,,
4.0,2.0,4.0,3.0,5.0,5.0,650.0,720.0,Rp,Miliar,34.0,,,,,,,
2.0,1.0,1.0,3.0,1.0,1.0,300.0,126.0,Rp,Miliar,4.2,,,,,,,
4.0,1.0,8.0,3.0,5.0,5.0,464.0,540.0,Rp,Miliar,22.0,,,,,,,
1.0,1.0,1.0,2.0,2.0,3.0,90.0,70.0,Rp,Miliar,1.34,,,,,,,
1.0,1.0,1.0,1.0,1.0,2.0,75.0,164.0,Rp,Miliar,1.13,,,,,,,
1.0,1.0,1.0,1.0,1.0,2.0,48.0,70.0,Rp,Juta,590.0,,,,,,,
1.0,1.0,1.0,3.0,3.0,2.0,115.0,39.0,Rp,Miliar,1.61,,,,,,,
2.0,2.0,2.0,2.0,4.0,6.0,300.0,415.0,Rp,Miliar,12.5,,,,,,,
2.0,1.0,2.0,1.0,3.0,3.0,350.0,230.0,Rp,Miliar,10.0,,,,,,,
2.0,1.0,2.0,2.0,4.0,5.0,1000.0,625.0,Rp,Miliar,21.0,,,,,,,
2.0,2.0,2.0,3.0,3.0,4.0,300.0,167.0,Rp,Miliar,3.9,,,,,,,
2.0,1.0,4.0,3.0,6.0,5.0,2500.0,960.0,Rp,Miliar,60.0,,,,,,,
1.0,2.0,3.0,2.0,2.0,3.0,200.0,300.0,Rp,Miliar,5.8,,,,,,,
2.0,1.0,2.0,2.0,4.0,4.0,600.0,605.0,Rp,Miliar,23.0,,,,,,,
3.0,1.0,1.0,2.0,3.0,3.0,125.0,120.0,Rp,Miliar,2.25,,,,,,,
1.0,1.0,2.0,2.0,3.0,4.0,500.0,581.0,Rp,Miliar,12.0,,,,,,,
1.0,1.0,1.0,2.0,2.0,4.0,120.0,120.0,Rp,Miliar,2.0,,,,,,,
1.0,1.0,1.0,2.0,3.0,2.0,69.0,48.0,Rp,Miliar,1.53,,,,,,,
1.0,1.0,1.0,2.0,2.0,2.0,100.0,50.0,Rp,Miliar,1.35,,,,,,,
1.0,1.0,1.0,2.0,3.0,4.0,140.0,160.0,Rp,Miliar,3.2,,,,,,,
1.0,2.0,1.0,3.0,3.0,4.0,356.0,160.0,Rp,Miliar,4.25,,,,,,,
1.0,2.0,1.0,2.0,8.0,13.0,250.0,262.0,Rp,Miliar,4.7,,,,,,,
1.0,1.0,1.0,1.0,3.0,3.0,103.0,53.0,Rp,Miliar,1.62,,,,,,,
1.0,1.0,1.0,2.0,3.0,3.0,100.0,52.0,Rp,Miliar,2.28,,,,,,,
2.0,1.0,2.0,2.0,3.0,3.0,90.0,78.0,Rp,Miliar,2.8,,,,,,,
4.0,2.0,4.0,2.0,5.0,7.0,842.0,2160.0,Rp,Miliar,30.0,,,,,,,
2.0,1.0,1.0,2.0,3.0,4.0,230.0,230.0,Rp,Miliar,8.6,,,,,,,
1.0,1.0,2.0,2.0,3.0,6.0,200.0,250.0,Rp,Miliar,9.5,,,,,,,
1.0,1.0,1.0,2.0,3.0,3.0,173.0,197.0,Rp,Miliar,5.5,,,,,,,
6.0,1.0,6.0,2.0,16.0,16.0,2300.0,4427.0,Rp,Miliar,178.0,,,,,,,
2.0,2.0,2.0,2.0,3.0,4.0,500.0,437.0,Rp,Miliar,17.5,,,,,,,
1.0,1.0,1.0,2.0,2.0,3.0,200.0,235.0,Rp,Miliar,14.5,,,,,,,
2.0,2.0,2.0,1.0,4.0,4.0,450.0,630.0,Rp,Miliar,23.3,,,,,,,
2.0,1.0,2.0,2.0,3.0,3.0,100.0,75.0,Rp,Miliar,1.85,,,,,,,
2.0,1.0,2.0,2.0,3.0,3.0,200.0,144.0,Rp,Miliar,4.8,,,,,,,
1.0,1.0,1.0,2.0,3.0,3.0,103.0,53.0,Rp,Miliar,1.64,,,,,,,
2.0,1.0,2.0,3.0,2.0,2.0,140.0,61.0,Rp,Miliar,2.9,,,,,,,
1.0,2.0,2.0,2.0,3.0,4.0,500.0,450.0,Rp,Miliar,5.2,,,,,,,
1.0,1.0,1.0,2.0,3.0,4.0,260.0,300.0,Rp,Miliar,6.3,,,,,,,
1.0,1.0,1.0,2.0,4.0,4.0,400.0,250.0,Rp,Miliar,6.75,,,,,,,
2.0,1.0,2.0,1.0,3.0,5.0,500.0,391.0,Rp,Miliar,6.5,,,,,,,
3.0,1.0,3.0,2.0,5.0,6.0,1980.0,1490.0,Rp,Miliar,42.0,,,,,,,
2.0,1.0,3.0,1.0,2.0,3.0,170.0,1090.0,Rp,Miliar,10.9,,,,,,,
2.0,2.0,2.0,2.0,4.0,4.0,228.0,140.0,Rp,Miliar,5.2,,,,,,,
4.0,1.0,4.0,1.0,5.0,4.0,600.0,1034.0,Rp,Miliar,22.0,,,,,,,
1.0,1.0,1.0,3.0,2.0,3.0,73.0,25.0,Rp,Juta,955.0,,,,,,,
1.0,1.0,1.0,3.0,3.0,3.0,115.0,39.0,Rp,Miliar,1.61,,,,,,,
3.0,1.0,1.0,2.0,4.0,5.0,310.0,232.0,Rp,Miliar,5.4,,,,,,,
1.0,1.0,1.0,3.0,2.0,3.0,25.0,73.0,Rp,Juta,972.0,,,,,,,
1.0,1.0,1.0,2.0,3.0,2.0,90.0,76.0,Rp,Miliar,2.5,,,,,,,
2.0,1.0,2.0,2.0,3.0,4.0,130.0,160.0,Rp,Miliar,2.4,,,,,,,
2.0,1.0,2.0,2.0,4.0,4.0,400.0,308.0,Rp,Miliar,5.0,,,,,,,
3.0,1.0,1.0,2.0,4.0,3.0,600.0,390.0,Rp,Miliar,8.9,,,,,,,
4.0,2.0,2.0,2.0,5.0,5.0,650.0,756.0,Rp,Miliar,36.0,,,,,,,
2.0,2.0,6.0,3.0,5.0,4.0,1388.0,474.0,Rp,Miliar,67.5,,,,,,,
2.0,2.0,3.0,1.0,3.0,3.0,500.0,806.0,Rp,Miliar,9.0,,,,,,,
2.0,1.0,2.0,2.0,4.0,4.0,560.0,327.0,Rp,Miliar,11.5,,,,,,,
2.0,1.0,2.0,2.0,4.0,5.0,1300.0,988.0,Rp,Miliar,45.0,,,,,,,
1.0,1.0,1.0,2.0,3.0,3.0,55.0,40.0,Rp,Miliar,1.43,,,,,,,
2.0,1.0,4.0,3.0,4.0,3.0,603.0,274.0,Rp,Miliar,18.0,,,,,,,
1.0,1.0,1.0,2.0,3.0,3.0,94.0,53.0,Rp,Miliar,2.28,,,,,,,
2.0,2.0,2.0,3.0,3.0,5.0,350.0,152.0,Rp,Miliar,3.6,,,,,,,
1.0,1.0,1.0,2.0,2.0,3.0,180.0,245.0,Rp,Miliar,4.5,,,,,,,
2.0,2.0,2.0,2.0,4.0,5.0,550.0,448.0,Rp,Miliar,23.0,,,,,,,
1.0,2.0,6.0,2.0,4.0,4.0,800.0,350.0,Rp,Miliar,38.0,,,,,,,
4.0,2.0,4.0,3.0,7.0,7.0,1000.0,1500.0,Rp,Miliar,75.0,,,,,,,
1.0,1.0,2.0,2.0,2.0,2.0,90.0,76.0,Rp,Miliar,2.63,,,,,,,
2.0,1.0,3.0,2.0,4.0,6.0,200.0,150.0,Rp,Miliar,2.8,,,,,,,
2.0,1.0,4.0,2.0,2.0,5.0,300.0,235.0,Rp,Miliar,5.9,,,,,,,
2.0,2.0,2.0,2.0,3.0,4.0,600.0,405.0,Rp,Miliar,25.0,,,,,,,
3.0,1.0,2.0,4.0,4.0,6.0,538.0,176.0,Rp,Miliar,6.7,,,,,,,
2.0,2.0,2.0,2.0,6.0,4.0,548.0,211.0,Rp,Miliar,15.5,,,,,,,
8.0,2.0,2.0,2.0,5.0,5.0,1000.0,1380.0,Rp,Miliar,98.0,,,,,,,
7.0,2.0,1.0,2.0,4.0,4.0,450.0,465.0,Rp,Miliar,10.8,,,,,,,
6.0,2.0,4.0,2.0,4.0,4.0,1000.0,879.0,Rp,Miliar,100.0,,,,,,,
2.0,2.0,2.0,3.0,3.0,4.0,420.0,273.0,Rp,Miliar,8.5,,,,,,,
2.0,2.0,2.0,2.0,4.0,5.0,1200.0,790.0,Rp,Miliar,40.3,,,,,,,
1.0,1.0,1.0,2.0,3.0,3.0,103.0,53.0,Rp,Miliar,1.65,,,,,,,
1.0,1.0,1.0,3.0,4.0,3.0,115.0,39.0,Rp,Miliar,1.6,,,,,,,
2.0,2.0,2.0,2.0,8.0,9.0,863.0,1276.0,Rp,Miliar,12.0,,,,,,,
2.0,1.0,2.0,2.0,3.0,3.0,103.0,55.0,Rp,Miliar,1.53,,,,,,,
1.0,1.0,1.0,2.0,2.0,2.0,77.0,48.0,Rp,Miliar,1.6,,,,,,,
1.0,1.0,1.0,2.0,2.0,3.0,80.0,64.0,Rp,Miliar,1.12,,,,,,,
4.0,2.0,2.0,2.0,3.0,4.0,750.0,854.0,Rp,Miliar,26.0,,,,,,,
1.0,1.0,1.0,2.0,3.0,2.0,69.0,36.0,Rp,Juta,795.0,,,,,,,
2.0,1.0,2.0,3.0,5.0,6.0,350.0,200.0,Rp,Miliar,4.75,,,,,,,
1.0,1.0,1.0,2.0,4.0,4.0,200.0,180.0,Rp,Miliar,8.5,,,,,,,
1.0,1.0,1.0,2.0,3.0,4.0,250.0,300.0,Rp,Miliar,6.5,,,,,,,
2.0,1.0,4.0,1.0,6.0,5.0,400.0,450.0,Rp,Miliar,11.0,,,,,,,
2.0,1.0,1.0,2.0,2.0,3.0,75.0,70.0,Rp,Miliar,1.4,,,,,,,
2.0,1.0,2.0,2.0,3.0,4.0,279.0,242.0,Rp,Miliar,9.5,,,,,,,
1.0,1.0,1.0,2.0,2.0,2.0,55.0,60.0,Rp,Miliar,1.4,,,,,,,
1.0,1.0,1.0,2.0,2.0,2.0,50.0,43.0,Rp,Miliar,1.1,,,,,,,
1.0,1.0,1.0,2.0,3.0,3.0,160.0,98.0,Rp,Miliar,2.3,,,,,,,
2.0,2.0,2.0,2.0,4.0,4.0,305.0,240.0,Rp,Miliar,3.95,,,,,,,
3.0,2.0,2.0,1.0,2.0,4.0,307.0,864.0,Rp,Miliar,19.0,,,,,,,
2.0,1.0,2.0,2.0,2.0,3.0,168.0,118.0,Rp,Miliar,2.85,,,,,,,
3.0,1.0,3.0,2.0,4.0,4.0,468.0,300.0,Rp,Miliar,7.8,,,,,,,
1.0,1.0,1.0,3.0,3.0,9.0,128.0,55.0,Rp,Juta,900.0,,,,,,,
2.0,1.0,2.0,5.0,17.0,17.0,388.0,98.0,Rp,Miliar,5.79,,,,,,,
2.0,1.0,1.0,5.0,17.0,17.0,388.0,98.0,Rp,Miliar,5.79,,,,,,,
2.0,1.0,2.0,2.0,5.0,5.0,318.0,246.0,Rp,Miliar,7.99,,,,,,,
2.0,2.0,2.0,3.0,5.0,5.0,490.0,168.0,Rp,Miliar,7.8,,,,,,,
4.0,1.0,4.0,4.0,4.0,9.0,668.0,198.0,Rp,Miliar,6.2,,,,,,,
1.0,1.0,1.0,2.0,3.0,5.0,315.0,282.0,Rp,Miliar,16.5,,,,,,,
1.0,1.0,1.0,2.0,2.0,3.0,250.0,300.0,Rp,Miliar,21.0,,,,,,,
1.0,1.0,2.0,2.0,4.0,5.0,180.0,130.0,Rp,Miliar,3.8,,,,,,,
1.0,1.0,1.0,4.0,3.0,2.0,128.0,56.0,Rp,Miliar,2.1,,,,,,,
1.0,1.0,1.0,3.0,2.0,2.0,188.0,101.0,Rp,Miliar,2.8,,,,,,,
2.0,1.0,2.0,1.0,3.0,4.0,83.0,117.0,Rp,Miliar,1.89,,,,,,,
1.0,1.0,1.0,3.0,3.0,3.0,138.0,67.0,Rp,Miliar,1.85,,,,,,,
3.0,1.0,3.0,2.0,4.0,6.0,388.0,260.0,Rp,Miliar,6.7,,,,,,,
2.0,1.0,2.0,1.0,2.0,2.0,168.0,210.0,Rp,Miliar,3.3,,,,,,,
1.0,1.0,1.0,4.0,3.0,3.0,290.0,100.0,Rp,Miliar,3.3,,,,,,,
2.0,1.0,2.0,3.0,3.0,3.0,198.0,90.0,Rp,Miliar,2.75,,,,,,,
4.0,2.0,2.0,2.0,11.0,19.0,800.0,931.0,Rp,Miliar,29.8,,,,,,,
1.0,1.0,2.0,2.0,2.0,3.0,150.0,102.0,Rp,Miliar,3.2,,,,,,,
6.0,1.0,2.0,1.0,4.0,7.0,300.0,1050.0,Rp,Miliar,17.5,,,,,,,
1.0,1.0,1.0,2.0,2.0,3.0,52.0,32.0,Rp,Juta,737.0,,,,,,,
1.0,1.0,2.0,2.0,3.0,3.0,94.0,71.0,Rp,Miliar,1.72,,,,,,,
6.0,2.0,2.0,2.0,4.0,3.0,600.0,921.0,Rp,Miliar,16.0,,,,,,,
2.0,1.0,2.0,1.0,3.0,4.0,350.0,409.0,Rp,Miliar,19.3,,,,,,,
2.0,1.0,2.0,2.0,2.0,3.0,250.0,205.0,Rp,Miliar,8.9,,,,,,,
1.0,1.0,1.0,2.0,2.0,3.0,50.0,32.0,Rp,Juta,839.0,,,,,,,
2.0,1.0,1.0,1.0,2.0,3.0,200.0,265.0,Rp,Miliar,4.3,,,,,,,
2.0,1.0,2.0,2.0,5.0,4.0,250.0,177.0,Rp,Miliar,3.4,,,,,,,
1.0,1.0,1.0,2.0,3.0,5.0,280.0,180.0,Rp,Miliar,4.6,,,,,,,
1.0,1.0,1.0,2.0,4.0,5.0,350.0,263.0,Rp,Miliar,6.5,,,,,,,
6.0,2.0,4.0,2.0,5.0,5.0,1000.0,875.0,Rp,Miliar,100.0,,,,,,,
3.0,2.0,4.0,1.0,5.0,7.0,1000.0,885.0,Rp,Miliar,119.0,,,,,,,
1.0,1.0,1.0,1.0,4.0,4.0,300.0,365.0,Rp,Miliar,10.8,,,,,,,
2.0,2.0,4.0,3.0,4.0,4.0,900.0,430.0,Rp,Miliar,42.5,,,,,,,
3.0,1.0,2.0,2.0,5.0,5.0,350.0,408.0,Rp,Miliar,7.3,,,,,,,
1.0,1.0,1.0,1.0,2.0,2.0,140.0,230.0,Rp,Miliar,2.5,,,,,,,
1.0,1.0,1.0,2.0,2.0,2.0,74.0,60.0,Rp,Miliar,1.3,,,,,,,
1.0,1.0,1.0,2.0,2.0,3.0,91.0,60.0,Rp,Miliar,1.7,,,,,,,
2.0,1.0,3.0,3.0,2.0,2.0,400.0,176.0,Rp,Miliar,7.3,,,,,,,
15.0,2.0,8.0,2.0,4.0,6.0,1000.0,948.0,Rp,Miliar,115.0,,,,,,,
1.0,1.0,1.0,2.0,3.0,4.0,350.0,300.0,Rp,Miliar,6.5,,,,,,,
2.0,1.0,2.0,1.0,3.0,3.0,500.0,730.0,Rp,Miliar,10.0,,,,,,,
10.0,1.0,2.0,2.0,4.0,5.0,800.0,976.0,Rp,Miliar,50.0,,,,,,,
2.0,1.0,2.0,2.0,5.0,5.0,442.0,572.0,Rp,Miliar,12.5,,,,,,,
2.0,2.0,2.0,2.0,4.0,4.0,300.0,189.0,Rp,Miliar,12.3,,,,,,,
6.0,1.0,2.0,2.0,3.0,4.0,400.0,1402.0,Rp,Miliar,18.0,,,,,,,
2.0,2.0,2.0,2.0,3.0,4.0,400.0,470.0,Rp,Miliar,18.9,,,,,,,
6.0,2.0,2.0,1.0,3.0,5.0,600.0,1475.0,Rp,Miliar,14.7,,,,,,,
1.0,1.0,2.0,2.0,3.0,4.0,200.0,586.0,Rp,Miliar,8.0,,,,,,,
2.0,1.0,2.0,1.0,5.0,6.0,700.0,500.0,Rp,Miliar,24.0,,,,,,,
2.0,1.0,1.0,2.0,3.0,3.0,202.0,185.0,Rp,Miliar,4.7,,,,,,,
1.0,1.0,1.0,2.0,4.0,4.0,500.0,402.0,Rp,Miliar,17.0,,,,,,,
3.0,1.0,4.0,2.0,5.0,5.0,800.0,873.0,Rp,Miliar,95.0,,,,,,,
10.0,2.0,10.0,5.0,8.0,8.0,1781.0,475.0,Rp,Miliar,30.0,,,,,,,
6.0,2.0,2.0,2.0,4.0,4.0,800.0,1117.0,Rp,Miliar,19.0,,,,,,,
2.0,2.0,2.0,2.0,4.0,4.0,523.0,517.0,Rp,Miliar,29.5,,,,,,,
2.0,1.0,2.0,2.0,3.0,3.0,95.0,55.0,Rp,Miliar,2.28,,,,,,,
1.0,2.0,2.0,4.0,4.0,4.0,378.0,120.0,Rp,Miliar,8.3,,,,,,,
1.0,1.0,1.0,2.0,2.0,2.0,56.0,68.0,Rp,Miliar,2.26,,,,,,,
2.0,1.0,4.0,3.0,4.0,5.0,600.0,220.0,Rp,Miliar,7.9,,,,,,,
1.0,1.0,1.0,2.0,3.0,3.0,103.0,53.0,Rp,Miliar,1.62,,,,,,,
1.0,1.0,1.0,2.0,2.0,2.0,77.0,39.0,Rp,Miliar,1.61,,,,,,,
2.0,2.0,2.0,2.0,5.0,4.0,461.0,531.0,Rp,Miliar,17.5,,,,,,,
2.0,2.0,2.0,2.0,3.0,4.0,470.0,397.0,Rp,Miliar,13.5,,,,,,,
12.0,2.0,2.0,2.0,6.0,6.0,1600.0,1202.0,Rp,Miliar,115.0,,,,,,,
2.0,2.0,3.0,2.0,5.0,5.0,1050.0,627.0,Rp,Miliar,48.0,,,,,,,
1.0,1.0,1.0,2.0,3.0,5.0,198.0,110.0,Rp,Miliar,3.3,,,,,,,
2.0,2.0,2.0,2.0,5.0,5.0,660.0,670.0,Rp,Miliar,18.0,,,,,,,
1.0,1.0,2.0,2.0,2.0,5.0,409.0,441.0,Rp,Miliar,4.83,,,,,,,
1.0,1.0,2.0,3.0,2.0,4.0,276.0,141.0,Rp,Miliar,3.53,,,,,,,
1.0,1.0,1.0,1.0,3.0,3.0,92.0,90.0,Rp,Miliar,1.99,,,,,,,
1.0,2.0,1.0,2.0,3.0,4.0,185.0,144.0,Rp,Miliar,2.92,,,,,,,
2.0,2.0,2.0,2.0,4.0,4.0,350.0,576.0,Rp,Miliar,14.0,,,,,,,
1.0,2.0,1.0,2.0,3.0,4.0,275.0,225.0,Rp,Miliar,4.9,,,,,,,
2.0,1.0,2.0,2.0,4.0,5.0,200.0,440.0,Rp,Miliar,4.3,,,,,,,
1.0,1.0,1.0,1.0,2.0,3.0,150.0,90.0,Rp,Miliar,1.99,,,,,,,
2.0,1.0,2.0,1.0,3.0,4.0,500.0,250.0,Rp,Miliar,8.8,,,,,,,
1.0,1.0,1.0,3.0,3.0,3.0,120.0,60.0,Rp,Miliar,1.37,,,,,,,
1.0,1.0,1.0,1.0,2.0,2.0,100.0,144.0,Rp,Miliar,3.75,,,,,,,
2.0,1.0,2.0,2.0,4.0,4.0,480.0,425.0,Rp,Miliar,15.0,,,,,,,
1.0,1.0,1.0,1.0,2.0,3.0,244.0,406.0,Rp,Miliar,5.0,,,,,,,
1.0,1.0,1.0,2.0,4.0,4.0,200.0,260.0,Rp,Miliar,5.2,,,,,,,
2.0,2.0,2.0,2.0,6.0,6.0,400.0,317.0,Rp,Miliar,6.3,,,,,,,
1.0,1.0,1.0,3.0,3.0,3.0,115.0,39.0,Rp,Miliar,1.65,,,,,,,
2.0,2.0,2.0,2.0,5.0,5.0,900.0,650.0,Rp,Miliar,65.0,,,,,,,
2.0,2.0,2.0,4.0,4.0,6.0,900.0,374.0,Rp,Miliar,9.0,,,,,,,
2.0,2.0,2.0,2.0,8.0,7.0,720.0,480.0,Rp,Miliar,8.2,,,,,,,
2.0,1.0,2.0,3.0,6.0,5.0,700.0,330.0,Rp,Miliar,32.4,,,,,,,
2.0,1.0,5.0,3.0,5.0,4.0,1000.0,522.0,Rp,Miliar,49.9,,,,,,,
1.0,1.0,1.0,3.0,5.0,18.0,400.0,168.0,Rp,Miliar,3.2,,,,,,,
2.0,2.0,2.0,2.0,4.0,4.0,185.0,165.0,Rp,Miliar,4.1,,,,,,,
2.0,1.0,2.0,3.0,5.0,5.0,360.0,126.0,Rp,Miliar,3.6,,,,,,,
2.0,2.0,1.0,2.0,4.0,4.0,400.0,300.0,Rp,Miliar,12.9,,,,,,,
1.0,1.0,1.0,3.0,5.0,5.0,350.0,168.0,Rp,Miliar,7.8,,,,,,,
1.0,1.0,1.0,3.0,5.0,5.0,325.0,325.0,Rp,Miliar,13.5,,,,,,,
2.0,1.0,2.0,2.0,3.0,3.0,140.0,125.0,Rp,Miliar,2.6,,,,,,,
10.0,2.0,1.0,2.0,2.0,5.0,327.0,420.0,Rp,Miliar,10.0,,,,,,,
10.0,2.0,2.0,1.0,3.0,3.0,500.0,1375.0,Rp,Miliar,42.0,,,,,,,
2.0,2.0,2.0,2.0,4.0,4.0,314.0,311.0,Rp,Miliar,11.0,,,,,,,
3.0,2.0,4.0,2.0,5.0,6.0,250.0,200.0,Rp,Miliar,11.0,,,,,,,
1.0,1.0,1.0,3.0,3.0,4.0,200.0,90.0,Rp,Miliar,3.8,,,,,,,
1.0,1.0,1.0,3.0,6.0,5.0,330.0,108.0,Rp,Miliar,3.1,,,,,,,
6.0,2.0,2.0,1.0,3.0,5.0,425.0,958.0,Rp,Miliar,11.0,,,,,,,
6.0,1.0,4.0,1.0,7.0,7.0,700.0,1270.0,Rp,Miliar,45.0,,,,,,,
1.0,1.0,2.0,3.0,2.0,3.0,390.0,140.0,Rp,Miliar,9.9,,,,,,,
2.0,1.0,2.0,2.0,3.0,3.0,300.0,300.0,Rp,Miliar,12.5,,,,,,,
3.0,1.0,5.0,2.0,5.0,5.0,654.0,489.0,Rp,Miliar,29.0,,,,,,,
3.0,1.0,2.0,2.0,5.0,5.0,1050.0,627.0,Rp,Miliar,48.0,,,,,,,
1.0,1.0,1.0,3.0,2.0,3.0,71.0,24.0,Rp,Juta,850.0,,,,,,,
1.0,1.0,1.0,1.0,3.0,5.0,300.0,327.0,Rp,Miliar,5.3,,,,,,,
4.0,1.0,2.0,2.0,5.0,5.0,550.0,569.0,Rp,Miliar,25.5,,,,,,,
3.0,1.0,2.0,2.0,3.0,3.0,300.0,307.0,Rp,Miliar,5.0,,,,,,,
1.0,1.0,1.0,2.0,2.0,2.0,50.0,40.0,Rp,Miliar,1.34,,,,,,,
2.0,1.0,2.0,2.0,3.0,4.0,103.0,53.0,Rp,Miliar,1.62,,,,,,,
4.0,1.0,2.0,2.0,5.0,6.0,650.0,440.0,Rp,Miliar,23.0,,,,,,,
2.0,1.0,4.0,2.0,5.0,5.0,990.0,804.0,Rp,Miliar,13.5,,,,,,,
2.0,1.0,1.0,2.0,3.0,3.0,250.0,200.0,Rp,Miliar,3.8,,,,,,,
3.0,2.0,2.0,2.0,6.0,6.0,1000.0,820.0,Rp,Miliar,45.0,,,,,,,
2.0,1.0,1.0,2.0,3.0,3.0,500.0,256.0,Rp,Miliar,7.0,,,,,,,
1.0,1.0,1.0,2.0,4.0,4.0,300.0,200.0,Rp,Miliar,5.75,,,,,,,
1.0,1.0,1.0,2.0,3.0,3.0,140.0,135.0,Rp,Miliar,3.9,,,,,,,
2.0,1.0,2.0,2.0,3.0,5.0,252.0,396.0,Rp,Miliar,3.5,,,,,,,
1.0,1.0,1.0,2.0,3.0,3.0,135.0,113.0,Rp,Miliar,2.5,,,,,,,
2.0,1.0,2.0,3.0,3.0,5.0,600.0,274.0,Rp,Miliar,6.2,,,,,,,
1.0,1.0,1.0,2.0,2.0,3.0,68.0,36.0,Rp,Juta,837.0,,,,,,,
1.0,1.0,1.0,3.0,3.0,3.0,88.0,30.0,Rp,Juta,895.0,,,,,,,
3.0,1.0,2.0,2.0,3.0,3.0,160.0,400.0,Rp,Miliar,6.0,,,,,,,
5.0,2.0,3.0,3.0,5.0,5.0,1200.0,680.0,Rp,Miliar,55.0,,,,,,,
1.0,1.0,1.0,3.0,2.0,3.0,71.0,24.0,Rp,Juta,895.0,,,,,,,
3.0,2.0,6.0,2.0,5.0,7.0,1200.0,800.0,Rp,Miliar,30.0,,,,,,,
4.0,2.0,2.0,2.0,5.0,5.0,600.0,679.0,Rp,Miliar,16.5,,,,,,,
10.0,2.0,4.0,2.0,5.0,6.0,1200.0,1700.0,Rp,Miliar,47.0,,,,,,,
3.0,1.0,4.0,1.0,3.0,4.0,308.0,373.0,Rp,Miliar,21.0,,,,,,,
1.0,1.0,1.0,3.0,3.0,3.0,115.0,39.0,Rp,Miliar,1.57,,,,,,,
1.0,1.0,1.0,2.0,3.0,3.0,120.0,120.0,Rp,Miliar,2.2,,,,,,,
1.0,1.0,1.0,1.0,3.0,4.0,190.0,220.0,Rp,Miliar,3.45,,,,,,,
1.0,2.0,3.0,4.0,7.0,7.0,670.0,206.0,Rp,Miliar,7.5,,,,,,,
4.0,2.0,2.0,2.0,3.0,4.0,500.0,867.0,Rp,Miliar,19.5,,,,,,,
2.0,1.0,1.0,2.0,4.0,4.0,450.0,337.0,Rp,Miliar,12.8,,,,,,,
1.0,1.0,1.0,3.0,2.0,3.0,71.0,24.0,Rp,Juta,895.0,,,,,,,
1.0,2.0,3.0,3.0,2.0,3.0,250.0,96.0,Rp,Miliar,4.0,,,,,,,
1.0,1.0,1.0,1.0,3.0,3.0,250.0,287.0,Rp,Miliar,7.0,,,,,,,
2.0,1.0,4.0,3.0,7.0,7.0,2000.0,1143.0,Rp,Miliar,35.0,,,,,,,
3.0,1.0,8.0,2.0,5.0,5.0,2000.0,1272.0,Rp,Miliar,101.0,,,,,,,
2.0,1.0,2.0,2.0,2.0,3.0,108.0,105.0,Rp,Miliar,3.15,,,,,,,
2.0,2.0,2.0,1.0,5.0,4.0,400.0,980.0,Rp,Miliar,7.9,,,,,,,
2.0,2.0,2.0,2.0,6.0,6.0,700.0,400.0,Rp,Miliar,6.8,,,,,,,
2.0,2.0,2.0,4.0,5.0,6.0,300.0,150.0,Rp,Miliar,4.5,,,,,,,
1.0,1.0,2.0,2.0,3.0,4.0,600.0,390.0,Rp,Miliar,7.5,,,,,,,
1.0,1.0,1.0,1.0,1.0,2.0,44.0,134.0,Rp,Miliar,1.24,,,,,,,
2.0,2.0,2.0,2.0,3.0,4.0,250.0,391.0,Rp,Miliar,27.5,,,,,,,
1.0,1.0,2.0,2.0,5.0,5.0,400.0,280.0,Rp,Miliar,12.8,,,,,,,
3.0,1.0,3.0,3.0,3.0,3.0,210.0,100.0,Rp,Miliar,3.95,,,,,,,
1.0,1.0,1.0,1.0,1.0,3.0,100.0,190.0,Rp,Miliar,1.9,,,,,,,
2.0,1.0,1.0,4.0,5.0,5.0,550.0,197.0,Rp,Miliar,8.5,,,,,,,
10.0,2.0,5.0,2.0,5.0,3.0,1050.0,1189.0,Rp,Miliar,120.0,,,,,,,
2.0,1.0,4.0,3.0,4.0,4.0,603.0,264.0,Rp,Miliar,17.5,,,,,,,
2.0,2.0,2.0,2.0,2.0,4.0,457.0,380.0,Rp,Miliar,8.0,,,,,,,
2.0,1.0,1.0,1.0,2.0,3.0,180.0,200.0,Rp,Miliar,2.94,,,,,,,
1.0,1.0,1.0,2.0,5.0,4.0,500.0,539.0,Rp,Miliar,19.5,,,,,,,
2.0,1.0,1.0,2.0,3.0,3.0,227.0,362.0,Rp,Miliar,5.5,,,,,,,
2.0,2.0,2.0,2.0,3.0,4.0,400.0,515.0,Rp,Miliar,13.5,,,,,,,
2.0,1.0,1.0,2.0,2.0,4.0,250.0,205.0,Rp,Miliar,5.0,,,,,,,
1.0,1.0,2.0,2.0,2.0,3.0,500.0,1216.0,Rp,Miliar,30.0,,,,,,,
2.0,2.0,4.0,2.0,6.0,6.0,1000.0,2500.0,Rp,Miliar,37.0,,,,,,,
3.0,1.0,3.0,2.0,5.0,5.0,850.0,656.0,Rp,Miliar,52.0,,,,,,,
1.0,1.0,1.0,1.0,3.0,4.0,200.0,384.0,Rp,Miliar,6.9,,,,,,,
4.0,2.0,2.0,2.0,4.0,5.0,550.0,1420.0,Rp,Miliar,33.0,,,,,,,
2.0,1.0,2.0,2.0,4.0,4.0,450.0,377.0,Rp,Miliar,12.8,,,,,,,
1.0,1.0,1.0,2.0,5.0,4.0,350.0,290.0,Rp,Miliar,11.5,,,,,,,
1.0,1.0,1.0,2.0,4.0,3.0,200.0,266.0,Rp,Miliar,5.9,,,,,,,
6.0,1.0,6.0,1.0,4.0,6.0,492.0,490.0,Rp,Miliar,4.5,,,,,,,
2.0,2.0,2.0,4.0,4.0,4.0,900.0,328.0,Rp,Miliar,13.5,,,,,,,
2.0,2.0,2.0,4.0,4.0,5.0,261.0,120.0,Rp,Miliar,4.8,,,,,,,
2.0,2.0,2.0,3.0,5.0,5.0,1300.0,600.0,Rp,Miliar,59.9,,,,,,,
2.0,1.0,2.0,2.0,4.0,4.0,356.0,225.0,Rp,Miliar,8.3,,,,,,,
1.0,1.0,1.0,1.0,4.0,4.0,200.0,384.0,Rp,Miliar,6.9,,,,,,,
1.0,2.0,4.0,2.0,3.0,5.0,450.0,510.0,Rp,Miliar,5.9,,,,,,,
2.0,2.0,4.0,3.0,4.0,4.0,500.0,236.0,Rp,Miliar,13.0,,,,,,,
5.0,2.0,4.0,3.0,4.0,5.0,1300.0,635.0,Rp,Miliar,27.0,,,,,,,
2.0,2.0,2.0,3.0,5.0,4.0,444.0,423.0,Rp,Miliar,17.0,,,,,,,
2.0,2.0,2.0,3.0,4.0,4.0,600.0,350.0,Rp,Miliar,13.5,,,,,,,
2.0,2.0,2.0,2.0,3.0,4.0,700.0,420.0,Rp,Miliar,17.0,,,,,,,
1.0,1.0,1.0,3.0,1.0,3.0,91.0,100.0,Rp,Miliar,3.7,,,,,,,
2.0,1.0,1.0,1.0,4.0,5.0,465.0,200.0,Rp,Miliar,5.99,,,,,,,
5.0,2.0,2.0,2.0,5.0,5.0,500.0,742.0,Rp,Miliar,25.0,,,,,,,
3.0,1.0,2.0,1.0,5.0,4.0,550.0,753.0,Rp,Miliar,48.5,,,,,,,
1.0,1.0,2.0,2.0,6.0,7.0,500.0,376.0,Rp,Miliar,16.5,,,,,,,
4.0,2.0,1.0,3.0,6.0,9.0,450.0,330.0,Rp,Miliar,7.5,,,,,,,
1.0,1.0,1.0,2.0,2.0,3.0,84.0,61.0,Rp,Juta,990.0,,,,,,,
2.0,1.0,2.0,1.0,1.0,2.0,40.0,80.0,Rp,Miliar,1.1,,,,,,,
2.0,2.0,4.0,2.0,6.0,5.0,500.0,400.0,Rp,Miliar,29.0,,,,,,,
1.0,1.0,1.0,3.0,3.0,3.0,210.0,90.0,Rp,Miliar,3.09,,,,,,,
1.0,1.0,2.0,2.0,4.0,4.0,240.0,269.0,Rp,Miliar,5.99,,,,,,,
5.0,1.0,3.0,1.0,3.0,3.0,487.0,2363.0,Rp,Miliar,55.0,,,,,,,
5.0,2.0,2.0,2.0,6.0,6.0,800.0,1225.0,Rp,Miliar,92.0,,,,,,,
4.0,1.0,2.0,2.0,3.0,3.0,220.0,580.0,Rp,Miliar,11.5,,,,,,,
2.0,1.0,4.0,2.0,6.0,6.0,650.0,544.0,Rp,Miliar,12.5,,,,,,,
5.0,1.0,5.0,2.0,8.0,6.0,1000.0,1200.0,Rp,Miliar,54.0,,,,,,,
2.0,1.0,1.0,2.0,3.0,3.0,425.0,225.0,Rp,Miliar,7.5,,,,,,,
1.0,1.0,1.0,2.0,2.0,2.0,50.0,45.0,Rp,Miliar,1.6,,,,,,,
2.0,1.0,2.0,2.0,3.0,4.0,258.0,168.0,Rp,Miliar,5.38,,,,,,,
2.0,1.0,2.0,3.0,5.0,4.0,650.0,300.0,Rp,Miliar,35.0,,,,,,,
1.0,1.0,1.0,3.0,3.0,3.0,115.0,39.0,Rp,Miliar,1.61,,,,,,,
3.0,1.0,2.0,2.0,3.0,4.0,329.0,424.0,Rp,Miliar,11.0,,,,,,,
4.0,1.0,2.0,2.0,2.0,5.0,481.0,958.0,Rp,Miliar,13.0,,,,,,,
2.0,1.0,2.0,3.0,4.0,4.0,800.0,420.0,Rp,Miliar,26.0,,,,,,,
1.0,1.0,1.0,2.0,3.0,8.0,250.0,338.0,Rp,Miliar,2.9,,,,,,,
2.0,2.0,2.0,2.0,4.0,5.0,700.0,785.0,Rp,Miliar,63.0,,,,,,,
2.0,1.0,2.0,3.0,4.0,5.0,400.0,329.0,Rp,Miliar,15.0,,,,,,,
2.0,2.0,2.0,2.0,3.0,4.0,450.0,420.0,Rp,Miliar,16.9,,,,,,,
1.0,1.0,1.0,2.0,4.0,4.0,190.0,120.0,Rp,Miliar,2.25,,,,,,,
1.0,1.0,1.0,2.0,3.0,3.0,90.0,58.0,Rp,Miliar,2.5,,,,,,,
1.0,1.0,1.0,4.0,4.0,4.0,200.0,200.0,Rp,Miliar,3.5,,,,,,,
1.0,1.0,1.0,2.0,3.0,3.0,85.0,59.0,Rp,Miliar,1.99,,,,,,,
1.0,1.0,1.0,2.0,3.0,3.0,160.0,345.0,Rp,Miliar,4.5,,,,,,,
8.0,2.0,4.0,2.0,5.0,5.0,693.0,940.0,Rp,Miliar,45.0,,,,,,,
1.0,1.0,1.0,1.0,1.0,3.0,75.0,105.0,Rp,Miliar,1.5,,,,,,,
1.0,2.0,1.0,1.0,6.0,5.0,1300.0,583.0,Rp,Miliar,18.5,,,,,,,
1.0,2.0,2.0,4.0,3.0,4.0,262.0,156.0,Rp,Miliar,5.4,,,,,,,
